[{"fields": {"model": "logentry", "name": "log entry", "app_label": "admin"}, "model": "contenttypes.contenttype", "pk": 1}, {"fields": {"model": "permission", "name": "permission", "app_label": "auth"}, "model": "contenttypes.contenttype", "pk": 2}, {"fields": {"model": "group", "name": "group", "app_label": "auth"}, "model": "contenttypes.contenttype", "pk": 3}, {"fields": {"model": "user", "name": "user", "app_label": "auth"}, "model": "contenttypes.contenttype", "pk": 4}, {"fields": {"model": "contenttype", "name": "content type", "app_label": "contenttypes"}, "model": "contenttypes.contenttype", "pk": 5}, {"fields": {"model": "session", "name": "session", "app_label": "sessions"}, "model": "contenttypes.contenttype", "pk": 6}, {"fields": {"model": "site", "name": "site", "app_label": "sites"}, "model": "contenttypes.contenttype", "pk": 7}, {"fields": {"model": "isocountry", "name": "ISO 3166 country", "app_label": "diplomat"}, "model": "contenttypes.contenttype", "pk": 8}, {"fields": {"model": "isolanguage", "name": "ISO 639 language", "app_label": "diplomat"}, "model": "contenttypes.contenttype", "pk": 9}, {"fields": {"model": "service", "name": "service", "app_label": "subscriber"}, "model": "contenttypes.contenttype", "pk": 10}, {"fields": {"model": "package", "name": "package", "app_label": "subscriber"}, "model": "contenttypes.contenttype", "pk": 11}, {"fields": {"model": "frequency", "name": "frequency", "app_label": "subscriber"}, "model": "contenttypes.contenttype", "pk": 12}, {"fields": {"model": "packageplan", "name": "package plan", "app_label": "subscriber"}, "model": "contenttypes.contenttype", "pk": 13}, {"fields": {"model": "couponcode", "name": "coupon code", "app_label": "subscriber"}, "model": "contenttypes.contenttype", "pk": 14}, {"fields": {"model": "couponsupplier", "name": "coupon supplier", "app_label": "subscriber"}, "model": "contenttypes.contenttype", "pk": 15}, {"fields": {"model": "subscription", "name": "subscription", "app_label": "subscriber"}, "model": "contenttypes.contenttype", "pk": 16}, {"fields": {"model": "activationcode", "name": "activation code", "app_label": "subscriber"}, "model": "contenttypes.contenttype", "pk": 17}, {"fields": {"model": "paymenthistory", "name": "payment history", "app_label": "subscriber"}, "model": "contenttypes.contenttype", "pk": 18}, {"fields": {"model": "productandservicecategory", "name": "product and service category", "app_label": "supplier"}, "model": "contenttypes.contenttype", "pk": 19}, {"fields": {"model": "productservicecode", "name": "product service code", "app_label": "supplier"}, "model": "contenttypes.contenttype", "pk": 20}, {"fields": {"model": "buyer", "name": "buyer", "app_label": "supplier"}, "model": "contenttypes.contenttype", "pk": 21}, {"fields": {"model": "supplier", "name": "supplier", "app_label": "supplier"}, "model": "contenttypes.contenttype", "pk": 22}, {"fields": {"model": "suppliercompany", "name": "supplier company", "app_label": "supplier"}, "model": "contenttypes.contenttype", "pk": 23}, {"fields": {"model": "companycapabilitystatement", "name": "company capability statement", "app_label": "supplier"}, "model": "contenttypes.contenttype", "pk": 24}, {"fields": {"model": "section", "name": "section", "app_label": "supplier"}, "model": "contenttypes.contenttype", "pk": 25}, {"fields": {"model": "supplierprofilefield", "name": "supplier profile field", "app_label": "supplier"}, "model": "contenttypes.contenttype", "pk": 26}, {"fields": {"model": "buyerrequiredprofilefield", "name": "buyer required profile field", "app_label": "supplier"}, "model": "contenttypes.contenttype", "pk": 27}, {"fields": {"model": "supplierprofilefieldvalue", "name": "supplier profile field value", "app_label": "supplier"}, "model": "contenttypes.contenttype", "pk": 28}, {"fields": {"model": "supplierselectedbuyers", "name": "supplier selected buyers", "app_label": "supplier"}, "model": "contenttypes.contenttype", "pk": 29}, {"fields": {"expire_date": "2015-02-13T04:55:35.457Z", "session_data": "YzljY2VhM2YwZTkwZDFhMWFkZGEzNWEwN2EzODg1MDgxM2Y3YmU1ODp7Il9hdXRoX3VzZXJfaGFzaCI6ImUwMGY5NzczMGY1MDQ5ZjYzOWIyNDNjNjNjZWFlZjU3YTkxZTdhOTEiLCJfYXV0aF91c2VyX2JhY2tlbmQiOiJkamFuZ28uY29udHJpYi5hdXRoLmJhY2tlbmRzLk1vZGVsQmFja2VuZCIsIl9hdXRoX3VzZXJfaWQiOjF9"}, "model": "sessions.session", "pk": "gpzjekec0kx3mi2wpj1ozya3r58jsq55"}, {"fields": {"domain": "example.com", "name": "example.com"}, "model": "sites.site", "pk": 1}, {"fields": {"alpha2": "AF", "alpha3": "AFG", "name": "Afghanistan", "official_name": "Islamic Republic of Afghanistan", "numeric": "004", "slug": "afghanistan"}, "model": "diplomat.isocountry", "pk": 1}, {"fields": {"alpha2": "AX", "alpha3": "ALA", "name": "\u00c5land Islands", "official_name": null, "numeric": "248", "slug": "aland-islands"}, "model": "diplomat.isocountry", "pk": 2}, {"fields": {"alpha2": "AL", "alpha3": "ALB", "name": "Albania", "official_name": "Republic of Albania", "numeric": "008", "slug": "albania"}, "model": "diplomat.isocountry", "pk": 3}, {"fields": {"alpha2": "DZ", "alpha3": "DZA", "name": "Algeria", "official_name": "People's Democratic Republic of Algeria", "numeric": "012", "slug": "algeria"}, "model": "diplomat.isocountry", "pk": 4}, {"fields": {"alpha2": "AS", "alpha3": "ASM", "name": "American Samoa", "official_name": null, "numeric": "016", "slug": "american-samoa"}, "model": "diplomat.isocountry", "pk": 5}, {"fields": {"alpha2": "AD", "alpha3": "AND", "name": "Andorra", "official_name": "Principality of Andorra", "numeric": "020", "slug": "andorra"}, "model": "diplomat.isocountry", "pk": 6}, {"fields": {"alpha2": "AO", "alpha3": "AGO", "name": "Angola", "official_name": "Republic of Angola", "numeric": "024", "slug": "angola"}, "model": "diplomat.isocountry", "pk": 7}, {"fields": {"alpha2": "AI", "alpha3": "AIA", "name": "Anguilla", "official_name": null, "numeric": "660", "slug": "anguilla"}, "model": "diplomat.isocountry", "pk": 8}, {"fields": {"alpha2": "AQ", "alpha3": "ATA", "name": "Antarctica", "official_name": null, "numeric": "010", "slug": "antarctica"}, "model": "diplomat.isocountry", "pk": 9}, {"fields": {"alpha2": "AG", "alpha3": "ATG", "name": "Antigua and Barbuda", "official_name": null, "numeric": "028", "slug": "antigua-and-barbuda"}, "model": "diplomat.isocountry", "pk": 10}, {"fields": {"alpha2": "AR", "alpha3": "ARG", "name": "Argentina", "official_name": "Argentine Republic", "numeric": "032", "slug": "argentina"}, "model": "diplomat.isocountry", "pk": 11}, {"fields": {"alpha2": "AM", "alpha3": "ARM", "name": "Armenia", "official_name": "Republic of Armenia", "numeric": "051", "slug": "armenia"}, "model": "diplomat.isocountry", "pk": 12}, {"fields": {"alpha2": "AW", "alpha3": "ABW", "name": "Aruba", "official_name": null, "numeric": "533", "slug": "aruba"}, "model": "diplomat.isocountry", "pk": 13}, {"fields": {"alpha2": "AU", "alpha3": "AUS", "name": "Australia", "official_name": null, "numeric": "036", "slug": "australia"}, "model": "diplomat.isocountry", "pk": 14}, {"fields": {"alpha2": "AT", "alpha3": "AUT", "name": "Austria", "official_name": "Republic of Austria", "numeric": "040", "slug": "austria"}, "model": "diplomat.isocountry", "pk": 15}, {"fields": {"alpha2": "AZ", "alpha3": "AZE", "name": "Azerbaijan", "official_name": "Republic of Azerbaijan", "numeric": "031", "slug": "azerbaijan"}, "model": "diplomat.isocountry", "pk": 16}, {"fields": {"alpha2": "BS", "alpha3": "BHS", "name": "Bahamas", "official_name": "Commonwealth of the Bahamas", "numeric": "044", "slug": "bahamas"}, "model": "diplomat.isocountry", "pk": 17}, {"fields": {"alpha2": "BH", "alpha3": "BHR", "name": "Bahrain", "official_name": "Kingdom of Bahrain", "numeric": "048", "slug": "bahrain"}, "model": "diplomat.isocountry", "pk": 18}, {"fields": {"alpha2": "BD", "alpha3": "BGD", "name": "Bangladesh", "official_name": "People's Republic of Bangladesh", "numeric": "050", "slug": "bangladesh"}, "model": "diplomat.isocountry", "pk": 19}, {"fields": {"alpha2": "BB", "alpha3": "BRB", "name": "Barbados", "official_name": null, "numeric": "052", "slug": "barbados"}, "model": "diplomat.isocountry", "pk": 20}, {"fields": {"alpha2": "BY", "alpha3": "BLR", "name": "Belarus", "official_name": "Republic of Belarus", "numeric": "112", "slug": "belarus"}, "model": "diplomat.isocountry", "pk": 21}, {"fields": {"alpha2": "BE", "alpha3": "BEL", "name": "Belgium", "official_name": "Kingdom of Belgium", "numeric": "056", "slug": "belgium"}, "model": "diplomat.isocountry", "pk": 22}, {"fields": {"alpha2": "BZ", "alpha3": "BLZ", "name": "Belize", "official_name": null, "numeric": "084", "slug": "belize"}, "model": "diplomat.isocountry", "pk": 23}, {"fields": {"alpha2": "BJ", "alpha3": "BEN", "name": "Benin", "official_name": "Republic of Benin", "numeric": "204", "slug": "benin"}, "model": "diplomat.isocountry", "pk": 24}, {"fields": {"alpha2": "BM", "alpha3": "BMU", "name": "Bermuda", "official_name": null, "numeric": "060", "slug": "bermuda"}, "model": "diplomat.isocountry", "pk": 25}, {"fields": {"alpha2": "BT", "alpha3": "BTN", "name": "Bhutan", "official_name": "Kingdom of Bhutan", "numeric": "064", "slug": "bhutan"}, "model": "diplomat.isocountry", "pk": 26}, {"fields": {"alpha2": "BO", "alpha3": "BOL", "name": "Bolivia, Plurinational State of", "official_name": "Plurinational State of Bolivia", "numeric": "068", "slug": "bolivia-plurinational-state-of"}, "model": "diplomat.isocountry", "pk": 27}, {"fields": {"alpha2": "BQ", "alpha3": "BES", "name": "Bonaire, Saint Eustatius and Saba", "official_name": "Bonaire, Saint Eustatius and Saba", "numeric": "535", "slug": "bonaire-saint-eustatius-and-saba"}, "model": "diplomat.isocountry", "pk": 28}, {"fields": {"alpha2": "BA", "alpha3": "BIH", "name": "Bosnia and Herzegovina", "official_name": "Republic of Bosnia and Herzegovina", "numeric": "070", "slug": "bosnia-and-herzegovina"}, "model": "diplomat.isocountry", "pk": 29}, {"fields": {"alpha2": "BW", "alpha3": "BWA", "name": "Botswana", "official_name": "Republic of Botswana", "numeric": "072", "slug": "botswana"}, "model": "diplomat.isocountry", "pk": 30}, {"fields": {"alpha2": "BV", "alpha3": "BVT", "name": "Bouvet Island", "official_name": null, "numeric": "074", "slug": "bouvet-island"}, "model": "diplomat.isocountry", "pk": 31}, {"fields": {"alpha2": "BR", "alpha3": "BRA", "name": "Brazil", "official_name": "Federative Republic of Brazil", "numeric": "076", "slug": "brazil"}, "model": "diplomat.isocountry", "pk": 32}, {"fields": {"alpha2": "IO", "alpha3": "IOT", "name": "British Indian Ocean Territory", "official_name": null, "numeric": "086", "slug": "british-indian-ocean-territory"}, "model": "diplomat.isocountry", "pk": 33}, {"fields": {"alpha2": "BN", "alpha3": "BRN", "name": "Brunei Darussalam", "official_name": null, "numeric": "096", "slug": "brunei-darussalam"}, "model": "diplomat.isocountry", "pk": 34}, {"fields": {"alpha2": "BG", "alpha3": "BGR", "name": "Bulgaria", "official_name": "Republic of Bulgaria", "numeric": "100", "slug": "bulgaria"}, "model": "diplomat.isocountry", "pk": 35}, {"fields": {"alpha2": "BF", "alpha3": "BFA", "name": "Burkina Faso", "official_name": null, "numeric": "854", "slug": "burkina-faso"}, "model": "diplomat.isocountry", "pk": 36}, {"fields": {"alpha2": "BI", "alpha3": "BDI", "name": "Burundi", "official_name": "Republic of Burundi", "numeric": "108", "slug": "burundi"}, "model": "diplomat.isocountry", "pk": 37}, {"fields": {"alpha2": "KH", "alpha3": "KHM", "name": "Cambodia", "official_name": "Kingdom of Cambodia", "numeric": "116", "slug": "cambodia"}, "model": "diplomat.isocountry", "pk": 38}, {"fields": {"alpha2": "CM", "alpha3": "CMR", "name": "Cameroon", "official_name": "Republic of Cameroon", "numeric": "120", "slug": "cameroon"}, "model": "diplomat.isocountry", "pk": 39}, {"fields": {"alpha2": "CA", "alpha3": "CAN", "name": "Canada", "official_name": null, "numeric": "124", "slug": "canada"}, "model": "diplomat.isocountry", "pk": 40}, {"fields": {"alpha2": "CV", "alpha3": "CPV", "name": "Cape Verde", "official_name": "Republic of Cape Verde", "numeric": "132", "slug": "cape-verde"}, "model": "diplomat.isocountry", "pk": 41}, {"fields": {"alpha2": "KY", "alpha3": "CYM", "name": "Cayman Islands", "official_name": null, "numeric": "136", "slug": "cayman-islands"}, "model": "diplomat.isocountry", "pk": 42}, {"fields": {"alpha2": "CF", "alpha3": "CAF", "name": "Central African Republic", "official_name": null, "numeric": "140", "slug": "central-african-republic"}, "model": "diplomat.isocountry", "pk": 43}, {"fields": {"alpha2": "TD", "alpha3": "TCD", "name": "Chad", "official_name": "Republic of Chad", "numeric": "148", "slug": "chad"}, "model": "diplomat.isocountry", "pk": 44}, {"fields": {"alpha2": "CL", "alpha3": "CHL", "name": "Chile", "official_name": "Republic of Chile", "numeric": "152", "slug": "chile"}, "model": "diplomat.isocountry", "pk": 45}, {"fields": {"alpha2": "CN", "alpha3": "CHN", "name": "China", "official_name": "People's Republic of China", "numeric": "156", "slug": "china"}, "model": "diplomat.isocountry", "pk": 46}, {"fields": {"alpha2": "CX", "alpha3": "CXR", "name": "Christmas Island", "official_name": null, "numeric": "162", "slug": "christmas-island"}, "model": "diplomat.isocountry", "pk": 47}, {"fields": {"alpha2": "CC", "alpha3": "CCK", "name": "Cocos (Keeling) Islands", "official_name": null, "numeric": "166", "slug": "cocos-keeling-islands"}, "model": "diplomat.isocountry", "pk": 48}, {"fields": {"alpha2": "CO", "alpha3": "COL", "name": "Colombia", "official_name": "Republic of Colombia", "numeric": "170", "slug": "colombia"}, "model": "diplomat.isocountry", "pk": 49}, {"fields": {"alpha2": "KM", "alpha3": "COM", "name": "Comoros", "official_name": "Union of the Comoros", "numeric": "174", "slug": "comoros"}, "model": "diplomat.isocountry", "pk": 50}, {"fields": {"alpha2": "CG", "alpha3": "COG", "name": "Congo", "official_name": "Republic of the Congo", "numeric": "178", "slug": "congo"}, "model": "diplomat.isocountry", "pk": 51}, {"fields": {"alpha2": "CD", "alpha3": "COD", "name": "Congo, The Democratic Republic of the", "official_name": null, "numeric": "180", "slug": "congo-the-democratic-republic-of-the"}, "model": "diplomat.isocountry", "pk": 52}, {"fields": {"alpha2": "CK", "alpha3": "COK", "name": "Cook Islands", "official_name": null, "numeric": "184", "slug": "cook-islands"}, "model": "diplomat.isocountry", "pk": 53}, {"fields": {"alpha2": "CR", "alpha3": "CRI", "name": "Costa Rica", "official_name": "Republic of Costa Rica", "numeric": "188", "slug": "costa-rica"}, "model": "diplomat.isocountry", "pk": 54}, {"fields": {"alpha2": "CI", "alpha3": "CIV", "name": "C\u00f4te d'Ivoire", "official_name": "Republic of C\u00f4te d'Ivoire", "numeric": "384", "slug": "cote-divoire"}, "model": "diplomat.isocountry", "pk": 55}, {"fields": {"alpha2": "HR", "alpha3": "HRV", "name": "Croatia", "official_name": "Republic of Croatia", "numeric": "191", "slug": "croatia"}, "model": "diplomat.isocountry", "pk": 56}, {"fields": {"alpha2": "CU", "alpha3": "CUB", "name": "Cuba", "official_name": "Republic of Cuba", "numeric": "192", "slug": "cuba"}, "model": "diplomat.isocountry", "pk": 57}, {"fields": {"alpha2": "CW", "alpha3": "CUW", "name": "Cura\u00e7ao", "official_name": "Cura\u00e7ao", "numeric": "531", "slug": "curacao"}, "model": "diplomat.isocountry", "pk": 58}, {"fields": {"alpha2": "CY", "alpha3": "CYP", "name": "Cyprus", "official_name": "Republic of Cyprus", "numeric": "196", "slug": "cyprus"}, "model": "diplomat.isocountry", "pk": 59}, {"fields": {"alpha2": "CZ", "alpha3": "CZE", "name": "Czech Republic", "official_name": null, "numeric": "203", "slug": "czech-republic"}, "model": "diplomat.isocountry", "pk": 60}, {"fields": {"alpha2": "DK", "alpha3": "DNK", "name": "Denmark", "official_name": "Kingdom of Denmark", "numeric": "208", "slug": "denmark"}, "model": "diplomat.isocountry", "pk": 61}, {"fields": {"alpha2": "DJ", "alpha3": "DJI", "name": "Djibouti", "official_name": "Republic of Djibouti", "numeric": "262", "slug": "djibouti"}, "model": "diplomat.isocountry", "pk": 62}, {"fields": {"alpha2": "DM", "alpha3": "DMA", "name": "Dominica", "official_name": "Commonwealth of Dominica", "numeric": "212", "slug": "dominica"}, "model": "diplomat.isocountry", "pk": 63}, {"fields": {"alpha2": "DO", "alpha3": "DOM", "name": "Dominican Republic", "official_name": null, "numeric": "214", "slug": "dominican-republic"}, "model": "diplomat.isocountry", "pk": 64}, {"fields": {"alpha2": "EC", "alpha3": "ECU", "name": "Ecuador", "official_name": "Republic of Ecuador", "numeric": "218", "slug": "ecuador"}, "model": "diplomat.isocountry", "pk": 65}, {"fields": {"alpha2": "EG", "alpha3": "EGY", "name": "Egypt", "official_name": "Arab Republic of Egypt", "numeric": "818", "slug": "egypt"}, "model": "diplomat.isocountry", "pk": 66}, {"fields": {"alpha2": "SV", "alpha3": "SLV", "name": "El Salvador", "official_name": "Republic of El Salvador", "numeric": "222", "slug": "el-salvador"}, "model": "diplomat.isocountry", "pk": 67}, {"fields": {"alpha2": "GQ", "alpha3": "GNQ", "name": "Equatorial Guinea", "official_name": "Republic of Equatorial Guinea", "numeric": "226", "slug": "equatorial-guinea"}, "model": "diplomat.isocountry", "pk": 68}, {"fields": {"alpha2": "ER", "alpha3": "ERI", "name": "Eritrea", "official_name": null, "numeric": "232", "slug": "eritrea"}, "model": "diplomat.isocountry", "pk": 69}, {"fields": {"alpha2": "EE", "alpha3": "EST", "name": "Estonia", "official_name": "Republic of Estonia", "numeric": "233", "slug": "estonia"}, "model": "diplomat.isocountry", "pk": 70}, {"fields": {"alpha2": "ET", "alpha3": "ETH", "name": "Ethiopia", "official_name": "Federal Democratic Republic of Ethiopia", "numeric": "231", "slug": "ethiopia"}, "model": "diplomat.isocountry", "pk": 71}, {"fields": {"alpha2": "FK", "alpha3": "FLK", "name": "Falkland Islands (Malvinas)", "official_name": null, "numeric": "238", "slug": "falkland-islands-malvinas"}, "model": "diplomat.isocountry", "pk": 72}, {"fields": {"alpha2": "FO", "alpha3": "FRO", "name": "Faroe Islands", "official_name": null, "numeric": "234", "slug": "faroe-islands"}, "model": "diplomat.isocountry", "pk": 73}, {"fields": {"alpha2": "FJ", "alpha3": "FJI", "name": "Fiji", "official_name": "Republic of the Fiji Islands", "numeric": "242", "slug": "fiji"}, "model": "diplomat.isocountry", "pk": 74}, {"fields": {"alpha2": "FI", "alpha3": "FIN", "name": "Finland", "official_name": "Republic of Finland", "numeric": "246", "slug": "finland"}, "model": "diplomat.isocountry", "pk": 75}, {"fields": {"alpha2": "FR", "alpha3": "FRA", "name": "France", "official_name": "French Republic", "numeric": "250", "slug": "france"}, "model": "diplomat.isocountry", "pk": 76}, {"fields": {"alpha2": "GF", "alpha3": "GUF", "name": "French Guiana", "official_name": null, "numeric": "254", "slug": "french-guiana"}, "model": "diplomat.isocountry", "pk": 77}, {"fields": {"alpha2": "PF", "alpha3": "PYF", "name": "French Polynesia", "official_name": null, "numeric": "258", "slug": "french-polynesia"}, "model": "diplomat.isocountry", "pk": 78}, {"fields": {"alpha2": "TF", "alpha3": "ATF", "name": "French Southern Territories", "official_name": null, "numeric": "260", "slug": "french-southern-territories"}, "model": "diplomat.isocountry", "pk": 79}, {"fields": {"alpha2": "GA", "alpha3": "GAB", "name": "Gabon", "official_name": "Gabonese Republic", "numeric": "266", "slug": "gabon"}, "model": "diplomat.isocountry", "pk": 80}, {"fields": {"alpha2": "GM", "alpha3": "GMB", "name": "Gambia", "official_name": "Republic of the Gambia", "numeric": "270", "slug": "gambia"}, "model": "diplomat.isocountry", "pk": 81}, {"fields": {"alpha2": "GE", "alpha3": "GEO", "name": "Georgia", "official_name": null, "numeric": "268", "slug": "georgia"}, "model": "diplomat.isocountry", "pk": 82}, {"fields": {"alpha2": "DE", "alpha3": "DEU", "name": "Germany", "official_name": "Federal Republic of Germany", "numeric": "276", "slug": "germany"}, "model": "diplomat.isocountry", "pk": 83}, {"fields": {"alpha2": "GH", "alpha3": "GHA", "name": "Ghana", "official_name": "Republic of Ghana", "numeric": "288", "slug": "ghana"}, "model": "diplomat.isocountry", "pk": 84}, {"fields": {"alpha2": "GI", "alpha3": "GIB", "name": "Gibraltar", "official_name": null, "numeric": "292", "slug": "gibraltar"}, "model": "diplomat.isocountry", "pk": 85}, {"fields": {"alpha2": "GR", "alpha3": "GRC", "name": "Greece", "official_name": "Hellenic Republic", "numeric": "300", "slug": "greece"}, "model": "diplomat.isocountry", "pk": 86}, {"fields": {"alpha2": "GL", "alpha3": "GRL", "name": "Greenland", "official_name": null, "numeric": "304", "slug": "greenland"}, "model": "diplomat.isocountry", "pk": 87}, {"fields": {"alpha2": "GD", "alpha3": "GRD", "name": "Grenada", "official_name": null, "numeric": "308", "slug": "grenada"}, "model": "diplomat.isocountry", "pk": 88}, {"fields": {"alpha2": "GP", "alpha3": "GLP", "name": "Guadeloupe", "official_name": null, "numeric": "312", "slug": "guadeloupe"}, "model": "diplomat.isocountry", "pk": 89}, {"fields": {"alpha2": "GU", "alpha3": "GUM", "name": "Guam", "official_name": null, "numeric": "316", "slug": "guam"}, "model": "diplomat.isocountry", "pk": 90}, {"fields": {"alpha2": "GT", "alpha3": "GTM", "name": "Guatemala", "official_name": "Republic of Guatemala", "numeric": "320", "slug": "guatemala"}, "model": "diplomat.isocountry", "pk": 91}, {"fields": {"alpha2": "GG", "alpha3": "GGY", "name": "Guernsey", "official_name": null, "numeric": "831", "slug": "guernsey"}, "model": "diplomat.isocountry", "pk": 92}, {"fields": {"alpha2": "GN", "alpha3": "GIN", "name": "Guinea", "official_name": "Republic of Guinea", "numeric": "324", "slug": "guinea"}, "model": "diplomat.isocountry", "pk": 93}, {"fields": {"alpha2": "GW", "alpha3": "GNB", "name": "Guinea-Bissau", "official_name": "Republic of Guinea-Bissau", "numeric": "624", "slug": "guinea-bissau"}, "model": "diplomat.isocountry", "pk": 94}, {"fields": {"alpha2": "GY", "alpha3": "GUY", "name": "Guyana", "official_name": "Republic of Guyana", "numeric": "328", "slug": "guyana"}, "model": "diplomat.isocountry", "pk": 95}, {"fields": {"alpha2": "HT", "alpha3": "HTI", "name": "Haiti", "official_name": "Republic of Haiti", "numeric": "332", "slug": "haiti"}, "model": "diplomat.isocountry", "pk": 96}, {"fields": {"alpha2": "HM", "alpha3": "HMD", "name": "Heard Island and McDonald Islands", "official_name": null, "numeric": "334", "slug": "heard-island-and-mcdonald-islands"}, "model": "diplomat.isocountry", "pk": 97}, {"fields": {"alpha2": "VA", "alpha3": "VAT", "name": "Holy See (Vatican City State)", "official_name": null, "numeric": "336", "slug": "holy-see-vatican-city-state"}, "model": "diplomat.isocountry", "pk": 98}, {"fields": {"alpha2": "HN", "alpha3": "HND", "name": "Honduras", "official_name": "Republic of Honduras", "numeric": "340", "slug": "honduras"}, "model": "diplomat.isocountry", "pk": 99}, {"fields": {"alpha2": "HK", "alpha3": "HKG", "name": "Hong Kong", "official_name": "Hong Kong Special Administrative Region of China", "numeric": "344", "slug": "hong-kong"}, "model": "diplomat.isocountry", "pk": 100}, {"fields": {"alpha2": "HU", "alpha3": "HUN", "name": "Hungary", "official_name": "Republic of Hungary", "numeric": "348", "slug": "hungary"}, "model": "diplomat.isocountry", "pk": 101}, {"fields": {"alpha2": "IS", "alpha3": "ISL", "name": "Iceland", "official_name": "Republic of Iceland", "numeric": "352", "slug": "iceland"}, "model": "diplomat.isocountry", "pk": 102}, {"fields": {"alpha2": "IN", "alpha3": "IND", "name": "India", "official_name": "Republic of India", "numeric": "356", "slug": "india"}, "model": "diplomat.isocountry", "pk": 103}, {"fields": {"alpha2": "ID", "alpha3": "IDN", "name": "Indonesia", "official_name": "Republic of Indonesia", "numeric": "360", "slug": "indonesia"}, "model": "diplomat.isocountry", "pk": 104}, {"fields": {"alpha2": "IR", "alpha3": "IRN", "name": "Iran, Islamic Republic of", "official_name": "Islamic Republic of Iran", "numeric": "364", "slug": "iran-islamic-republic-of"}, "model": "diplomat.isocountry", "pk": 105}, {"fields": {"alpha2": "IQ", "alpha3": "IRQ", "name": "Iraq", "official_name": "Republic of Iraq", "numeric": "368", "slug": "iraq"}, "model": "diplomat.isocountry", "pk": 106}, {"fields": {"alpha2": "IE", "alpha3": "IRL", "name": "Ireland", "official_name": null, "numeric": "372", "slug": "ireland"}, "model": "diplomat.isocountry", "pk": 107}, {"fields": {"alpha2": "IM", "alpha3": "IMN", "name": "Isle of Man", "official_name": null, "numeric": "833", "slug": "isle-of-man"}, "model": "diplomat.isocountry", "pk": 108}, {"fields": {"alpha2": "IL", "alpha3": "ISR", "name": "Israel", "official_name": "State of Israel", "numeric": "376", "slug": "israel"}, "model": "diplomat.isocountry", "pk": 109}, {"fields": {"alpha2": "IT", "alpha3": "ITA", "name": "Italy", "official_name": "Italian Republic", "numeric": "380", "slug": "italy"}, "model": "diplomat.isocountry", "pk": 110}, {"fields": {"alpha2": "JM", "alpha3": "JAM", "name": "Jamaica", "official_name": null, "numeric": "388", "slug": "jamaica"}, "model": "diplomat.isocountry", "pk": 111}, {"fields": {"alpha2": "JP", "alpha3": "JPN", "name": "Japan", "official_name": null, "numeric": "392", "slug": "japan"}, "model": "diplomat.isocountry", "pk": 112}, {"fields": {"alpha2": "JE", "alpha3": "JEY", "name": "Jersey", "official_name": null, "numeric": "832", "slug": "jersey"}, "model": "diplomat.isocountry", "pk": 113}, {"fields": {"alpha2": "JO", "alpha3": "JOR", "name": "Jordan", "official_name": "Hashemite Kingdom of Jordan", "numeric": "400", "slug": "jordan"}, "model": "diplomat.isocountry", "pk": 114}, {"fields": {"alpha2": "KZ", "alpha3": "KAZ", "name": "Kazakhstan", "official_name": "Republic of Kazakhstan", "numeric": "398", "slug": "kazakhstan"}, "model": "diplomat.isocountry", "pk": 115}, {"fields": {"alpha2": "KE", "alpha3": "KEN", "name": "Kenya", "official_name": "Republic of Kenya", "numeric": "404", "slug": "kenya"}, "model": "diplomat.isocountry", "pk": 116}, {"fields": {"alpha2": "KI", "alpha3": "KIR", "name": "Kiribati", "official_name": "Republic of Kiribati", "numeric": "296", "slug": "kiribati"}, "model": "diplomat.isocountry", "pk": 117}, {"fields": {"alpha2": "KP", "alpha3": "PRK", "name": "Korea, Democratic People's Republic of", "official_name": "Democratic People's Republic of Korea", "numeric": "408", "slug": "korea-democratic-peoples-republic-of"}, "model": "diplomat.isocountry", "pk": 118}, {"fields": {"alpha2": "KR", "alpha3": "KOR", "name": "Korea, Republic of", "official_name": null, "numeric": "410", "slug": "korea-republic-of"}, "model": "diplomat.isocountry", "pk": 119}, {"fields": {"alpha2": "KW", "alpha3": "KWT", "name": "Kuwait", "official_name": "State of Kuwait", "numeric": "414", "slug": "kuwait"}, "model": "diplomat.isocountry", "pk": 120}, {"fields": {"alpha2": "KG", "alpha3": "KGZ", "name": "Kyrgyzstan", "official_name": "Kyrgyz Republic", "numeric": "417", "slug": "kyrgyzstan"}, "model": "diplomat.isocountry", "pk": 121}, {"fields": {"alpha2": "LA", "alpha3": "LAO", "name": "Lao People's Democratic Republic", "official_name": null, "numeric": "418", "slug": "lao-peoples-democratic-republic"}, "model": "diplomat.isocountry", "pk": 122}, {"fields": {"alpha2": "LV", "alpha3": "LVA", "name": "Latvia", "official_name": "Republic of Latvia", "numeric": "428", "slug": "latvia"}, "model": "diplomat.isocountry", "pk": 123}, {"fields": {"alpha2": "LB", "alpha3": "LBN", "name": "Lebanon", "official_name": "Lebanese Republic", "numeric": "422", "slug": "lebanon"}, "model": "diplomat.isocountry", "pk": 124}, {"fields": {"alpha2": "LS", "alpha3": "LSO", "name": "Lesotho", "official_name": "Kingdom of Lesotho", "numeric": "426", "slug": "lesotho"}, "model": "diplomat.isocountry", "pk": 125}, {"fields": {"alpha2": "LR", "alpha3": "LBR", "name": "Liberia", "official_name": "Republic of Liberia", "numeric": "430", "slug": "liberia"}, "model": "diplomat.isocountry", "pk": 126}, {"fields": {"alpha2": "LY", "alpha3": "LBY", "name": "Libyan Arab Jamahiriya", "official_name": "Socialist People's Libyan Arab Jamahiriya", "numeric": "434", "slug": "libyan-arab-jamahiriya"}, "model": "diplomat.isocountry", "pk": 127}, {"fields": {"alpha2": "LI", "alpha3": "LIE", "name": "Liechtenstein", "official_name": "Principality of Liechtenstein", "numeric": "438", "slug": "liechtenstein"}, "model": "diplomat.isocountry", "pk": 128}, {"fields": {"alpha2": "LT", "alpha3": "LTU", "name": "Lithuania", "official_name": "Republic of Lithuania", "numeric": "440", "slug": "lithuania"}, "model": "diplomat.isocountry", "pk": 129}, {"fields": {"alpha2": "LU", "alpha3": "LUX", "name": "Luxembourg", "official_name": "Grand Duchy of Luxembourg", "numeric": "442", "slug": "luxembourg"}, "model": "diplomat.isocountry", "pk": 130}, {"fields": {"alpha2": "MO", "alpha3": "MAC", "name": "Macao", "official_name": "Macao Special Administrative Region of China", "numeric": "446", "slug": "macao"}, "model": "diplomat.isocountry", "pk": 131}, {"fields": {"alpha2": "MK", "alpha3": "MKD", "name": "Macedonia, Republic of", "official_name": "The Former Yugoslav Republic of Macedonia", "numeric": "807", "slug": "macedonia-republic-of"}, "model": "diplomat.isocountry", "pk": 132}, {"fields": {"alpha2": "MG", "alpha3": "MDG", "name": "Madagascar", "official_name": "Republic of Madagascar", "numeric": "450", "slug": "madagascar"}, "model": "diplomat.isocountry", "pk": 133}, {"fields": {"alpha2": "MW", "alpha3": "MWI", "name": "Malawi", "official_name": "Republic of Malawi", "numeric": "454", "slug": "malawi"}, "model": "diplomat.isocountry", "pk": 134}, {"fields": {"alpha2": "MY", "alpha3": "MYS", "name": "Malaysia", "official_name": null, "numeric": "458", "slug": "malaysia"}, "model": "diplomat.isocountry", "pk": 135}, {"fields": {"alpha2": "MV", "alpha3": "MDV", "name": "Maldives", "official_name": "Republic of Maldives", "numeric": "462", "slug": "maldives"}, "model": "diplomat.isocountry", "pk": 136}, {"fields": {"alpha2": "ML", "alpha3": "MLI", "name": "Mali", "official_name": "Republic of Mali", "numeric": "466", "slug": "mali"}, "model": "diplomat.isocountry", "pk": 137}, {"fields": {"alpha2": "MT", "alpha3": "MLT", "name": "Malta", "official_name": "Republic of Malta", "numeric": "470", "slug": "malta"}, "model": "diplomat.isocountry", "pk": 138}, {"fields": {"alpha2": "MH", "alpha3": "MHL", "name": "Marshall Islands", "official_name": "Republic of the Marshall Islands", "numeric": "584", "slug": "marshall-islands"}, "model": "diplomat.isocountry", "pk": 139}, {"fields": {"alpha2": "MQ", "alpha3": "MTQ", "name": "Martinique", "official_name": null, "numeric": "474", "slug": "martinique"}, "model": "diplomat.isocountry", "pk": 140}, {"fields": {"alpha2": "MR", "alpha3": "MRT", "name": "Mauritania", "official_name": "Islamic Republic of Mauritania", "numeric": "478", "slug": "mauritania"}, "model": "diplomat.isocountry", "pk": 141}, {"fields": {"alpha2": "MU", "alpha3": "MUS", "name": "Mauritius", "official_name": "Republic of Mauritius", "numeric": "480", "slug": "mauritius"}, "model": "diplomat.isocountry", "pk": 142}, {"fields": {"alpha2": "YT", "alpha3": "MYT", "name": "Mayotte", "official_name": null, "numeric": "175", "slug": "mayotte"}, "model": "diplomat.isocountry", "pk": 143}, {"fields": {"alpha2": "MX", "alpha3": "MEX", "name": "Mexico", "official_name": "United Mexican States", "numeric": "484", "slug": "mexico"}, "model": "diplomat.isocountry", "pk": 144}, {"fields": {"alpha2": "FM", "alpha3": "FSM", "name": "Micronesia, Federated States of", "official_name": "Federated States of Micronesia", "numeric": "583", "slug": "micronesia-federated-states-of"}, "model": "diplomat.isocountry", "pk": 145}, {"fields": {"alpha2": "MD", "alpha3": "MDA", "name": "Moldova, Republic of", "official_name": "Republic of Moldova", "numeric": "498", "slug": "moldova-republic-of"}, "model": "diplomat.isocountry", "pk": 146}, {"fields": {"alpha2": "MC", "alpha3": "MCO", "name": "Monaco", "official_name": "Principality of Monaco", "numeric": "492", "slug": "monaco"}, "model": "diplomat.isocountry", "pk": 147}, {"fields": {"alpha2": "MN", "alpha3": "MNG", "name": "Mongolia", "official_name": null, "numeric": "496", "slug": "mongolia"}, "model": "diplomat.isocountry", "pk": 148}, {"fields": {"alpha2": "ME", "alpha3": "MNE", "name": "Montenegro", "official_name": "Montenegro", "numeric": "499", "slug": "montenegro"}, "model": "diplomat.isocountry", "pk": 149}, {"fields": {"alpha2": "MS", "alpha3": "MSR", "name": "Montserrat", "official_name": null, "numeric": "500", "slug": "montserrat"}, "model": "diplomat.isocountry", "pk": 150}, {"fields": {"alpha2": "MA", "alpha3": "MAR", "name": "Morocco", "official_name": "Kingdom of Morocco", "numeric": "504", "slug": "morocco"}, "model": "diplomat.isocountry", "pk": 151}, {"fields": {"alpha2": "MZ", "alpha3": "MOZ", "name": "Mozambique", "official_name": "Republic of Mozambique", "numeric": "508", "slug": "mozambique"}, "model": "diplomat.isocountry", "pk": 152}, {"fields": {"alpha2": "MM", "alpha3": "MMR", "name": "Myanmar", "official_name": "Union of Myanmar", "numeric": "104", "slug": "myanmar"}, "model": "diplomat.isocountry", "pk": 153}, {"fields": {"alpha2": "NA", "alpha3": "NAM", "name": "Namibia", "official_name": "Republic of Namibia", "numeric": "516", "slug": "namibia"}, "model": "diplomat.isocountry", "pk": 154}, {"fields": {"alpha2": "NR", "alpha3": "NRU", "name": "Nauru", "official_name": "Republic of Nauru", "numeric": "520", "slug": "nauru"}, "model": "diplomat.isocountry", "pk": 155}, {"fields": {"alpha2": "NP", "alpha3": "NPL", "name": "Nepal", "official_name": "Federal Democratic Republic of Nepal", "numeric": "524", "slug": "nepal"}, "model": "diplomat.isocountry", "pk": 156}, {"fields": {"alpha2": "NL", "alpha3": "NLD", "name": "Netherlands", "official_name": "Kingdom of the Netherlands", "numeric": "528", "slug": "netherlands"}, "model": "diplomat.isocountry", "pk": 157}, {"fields": {"alpha2": "NC", "alpha3": "NCL", "name": "New Caledonia", "official_name": null, "numeric": "540", "slug": "new-caledonia"}, "model": "diplomat.isocountry", "pk": 158}, {"fields": {"alpha2": "NZ", "alpha3": "NZL", "name": "New Zealand", "official_name": null, "numeric": "554", "slug": "new-zealand"}, "model": "diplomat.isocountry", "pk": 159}, {"fields": {"alpha2": "NI", "alpha3": "NIC", "name": "Nicaragua", "official_name": "Republic of Nicaragua", "numeric": "558", "slug": "nicaragua"}, "model": "diplomat.isocountry", "pk": 160}, {"fields": {"alpha2": "NE", "alpha3": "NER", "name": "Niger", "official_name": "Republic of the Niger", "numeric": "562", "slug": "niger"}, "model": "diplomat.isocountry", "pk": 161}, {"fields": {"alpha2": "NG", "alpha3": "NGA", "name": "Nigeria", "official_name": "Federal Republic of Nigeria", "numeric": "566", "slug": "nigeria"}, "model": "diplomat.isocountry", "pk": 162}, {"fields": {"alpha2": "NU", "alpha3": "NIU", "name": "Niue", "official_name": "Republic of Niue", "numeric": "570", "slug": "niue"}, "model": "diplomat.isocountry", "pk": 163}, {"fields": {"alpha2": "NF", "alpha3": "NFK", "name": "Norfolk Island", "official_name": null, "numeric": "574", "slug": "norfolk-island"}, "model": "diplomat.isocountry", "pk": 164}, {"fields": {"alpha2": "MP", "alpha3": "MNP", "name": "Northern Mariana Islands", "official_name": "Commonwealth of the Northern Mariana Islands", "numeric": "580", "slug": "northern-mariana-islands"}, "model": "diplomat.isocountry", "pk": 165}, {"fields": {"alpha2": "NO", "alpha3": "NOR", "name": "Norway", "official_name": "Kingdom of Norway", "numeric": "578", "slug": "norway"}, "model": "diplomat.isocountry", "pk": 166}, {"fields": {"alpha2": "OM", "alpha3": "OMN", "name": "Oman", "official_name": "Sultanate of Oman", "numeric": "512", "slug": "oman"}, "model": "diplomat.isocountry", "pk": 167}, {"fields": {"alpha2": "PK", "alpha3": "PAK", "name": "Pakistan", "official_name": "Islamic Republic of Pakistan", "numeric": "586", "slug": "pakistan"}, "model": "diplomat.isocountry", "pk": 168}, {"fields": {"alpha2": "PW", "alpha3": "PLW", "name": "Palau", "official_name": "Republic of Palau", "numeric": "585", "slug": "palau"}, "model": "diplomat.isocountry", "pk": 169}, {"fields": {"alpha2": "PS", "alpha3": "PSE", "name": "Palestinian Territory, Occupied", "official_name": "Occupied Palestinian Territory", "numeric": "275", "slug": "palestinian-territory-occupied"}, "model": "diplomat.isocountry", "pk": 170}, {"fields": {"alpha2": "PA", "alpha3": "PAN", "name": "Panama", "official_name": "Republic of Panama", "numeric": "591", "slug": "panama"}, "model": "diplomat.isocountry", "pk": 171}, {"fields": {"alpha2": "PG", "alpha3": "PNG", "name": "Papua New Guinea", "official_name": null, "numeric": "598", "slug": "papua-new-guinea"}, "model": "diplomat.isocountry", "pk": 172}, {"fields": {"alpha2": "PY", "alpha3": "PRY", "name": "Paraguay", "official_name": "Republic of Paraguay", "numeric": "600", "slug": "paraguay"}, "model": "diplomat.isocountry", "pk": 173}, {"fields": {"alpha2": "PE", "alpha3": "PER", "name": "Peru", "official_name": "Republic of Peru", "numeric": "604", "slug": "peru"}, "model": "diplomat.isocountry", "pk": 174}, {"fields": {"alpha2": "PH", "alpha3": "PHL", "name": "Philippines", "official_name": "Republic of the Philippines", "numeric": "608", "slug": "philippines"}, "model": "diplomat.isocountry", "pk": 175}, {"fields": {"alpha2": "PN", "alpha3": "PCN", "name": "Pitcairn", "official_name": null, "numeric": "612", "slug": "pitcairn"}, "model": "diplomat.isocountry", "pk": 176}, {"fields": {"alpha2": "PL", "alpha3": "POL", "name": "Poland", "official_name": "Republic of Poland", "numeric": "616", "slug": "poland"}, "model": "diplomat.isocountry", "pk": 177}, {"fields": {"alpha2": "PT", "alpha3": "PRT", "name": "Portugal", "official_name": "Portuguese Republic", "numeric": "620", "slug": "portugal"}, "model": "diplomat.isocountry", "pk": 178}, {"fields": {"alpha2": "PR", "alpha3": "PRI", "name": "Puerto Rico", "official_name": null, "numeric": "630", "slug": "puerto-rico"}, "model": "diplomat.isocountry", "pk": 179}, {"fields": {"alpha2": "QA", "alpha3": "QAT", "name": "Qatar", "official_name": "State of Qatar", "numeric": "634", "slug": "qatar"}, "model": "diplomat.isocountry", "pk": 180}, {"fields": {"alpha2": "RE", "alpha3": "REU", "name": "Reunion", "official_name": null, "numeric": "638", "slug": "reunion"}, "model": "diplomat.isocountry", "pk": 181}, {"fields": {"alpha2": "RO", "alpha3": "ROU", "name": "Romania", "official_name": null, "numeric": "642", "slug": "romania"}, "model": "diplomat.isocountry", "pk": 182}, {"fields": {"alpha2": "RU", "alpha3": "RUS", "name": "Russian Federation", "official_name": null, "numeric": "643", "slug": "russian-federation"}, "model": "diplomat.isocountry", "pk": 183}, {"fields": {"alpha2": "RW", "alpha3": "RWA", "name": "Rwanda", "official_name": "Rwandese Republic", "numeric": "646", "slug": "rwanda"}, "model": "diplomat.isocountry", "pk": 184}, {"fields": {"alpha2": "BL", "alpha3": "BLM", "name": "Saint Barth\u00e9lemy", "official_name": null, "numeric": "652", "slug": "saint-barthelemy"}, "model": "diplomat.isocountry", "pk": 185}, {"fields": {"alpha2": "SH", "alpha3": "SHN", "name": "Saint Helena, Ascension and Tristan da Cunha", "official_name": null, "numeric": "654", "slug": "saint-helena-ascension-and-tristan-da-cunha"}, "model": "diplomat.isocountry", "pk": 186}, {"fields": {"alpha2": "KN", "alpha3": "KNA", "name": "Saint Kitts and Nevis", "official_name": null, "numeric": "659", "slug": "saint-kitts-and-nevis"}, "model": "diplomat.isocountry", "pk": 187}, {"fields": {"alpha2": "LC", "alpha3": "LCA", "name": "Saint Lucia", "official_name": null, "numeric": "662", "slug": "saint-lucia"}, "model": "diplomat.isocountry", "pk": 188}, {"fields": {"alpha2": "MF", "alpha3": "MAF", "name": "Saint Martin (French part)", "official_name": null, "numeric": "663", "slug": "saint-martin-french-part"}, "model": "diplomat.isocountry", "pk": 189}, {"fields": {"alpha2": "PM", "alpha3": "SPM", "name": "Saint Pierre and Miquelon", "official_name": null, "numeric": "666", "slug": "saint-pierre-and-miquelon"}, "model": "diplomat.isocountry", "pk": 190}, {"fields": {"alpha2": "VC", "alpha3": "VCT", "name": "Saint Vincent and the Grenadines", "official_name": null, "numeric": "670", "slug": "saint-vincent-and-the-grenadines"}, "model": "diplomat.isocountry", "pk": 191}, {"fields": {"alpha2": "WS", "alpha3": "WSM", "name": "Samoa", "official_name": "Independent State of Samoa", "numeric": "882", "slug": "samoa"}, "model": "diplomat.isocountry", "pk": 192}, {"fields": {"alpha2": "SM", "alpha3": "SMR", "name": "San Marino", "official_name": "Republic of San Marino", "numeric": "674", "slug": "san-marino"}, "model": "diplomat.isocountry", "pk": 193}, {"fields": {"alpha2": "ST", "alpha3": "STP", "name": "Sao Tome and Principe", "official_name": "Democratic Republic of Sao Tome and Principe", "numeric": "678", "slug": "sao-tome-and-principe"}, "model": "diplomat.isocountry", "pk": 194}, {"fields": {"alpha2": "SA", "alpha3": "SAU", "name": "Saudi Arabia", "official_name": "Kingdom of Saudi Arabia", "numeric": "682", "slug": "saudi-arabia"}, "model": "diplomat.isocountry", "pk": 195}, {"fields": {"alpha2": "SN", "alpha3": "SEN", "name": "Senegal", "official_name": "Republic of Senegal", "numeric": "686", "slug": "senegal"}, "model": "diplomat.isocountry", "pk": 196}, {"fields": {"alpha2": "RS", "alpha3": "SRB", "name": "Serbia", "official_name": "Republic of Serbia", "numeric": "688", "slug": "serbia"}, "model": "diplomat.isocountry", "pk": 197}, {"fields": {"alpha2": "SC", "alpha3": "SYC", "name": "Seychelles", "official_name": "Republic of Seychelles", "numeric": "690", "slug": "seychelles"}, "model": "diplomat.isocountry", "pk": 198}, {"fields": {"alpha2": "SL", "alpha3": "SLE", "name": "Sierra Leone", "official_name": "Republic of Sierra Leone", "numeric": "694", "slug": "sierra-leone"}, "model": "diplomat.isocountry", "pk": 199}, {"fields": {"alpha2": "SG", "alpha3": "SGP", "name": "Singapore", "official_name": "Republic of Singapore", "numeric": "702", "slug": "singapore"}, "model": "diplomat.isocountry", "pk": 200}, {"fields": {"alpha2": "SX", "alpha3": "SXM", "name": "Sint Maarten", "official_name": "Sint Maarten (Dutch part)", "numeric": "702", "slug": "sint-maarten"}, "model": "diplomat.isocountry", "pk": 201}, {"fields": {"alpha2": "SK", "alpha3": "SVK", "name": "Slovakia", "official_name": "Slovak Republic", "numeric": "703", "slug": "slovakia"}, "model": "diplomat.isocountry", "pk": 202}, {"fields": {"alpha2": "SI", "alpha3": "SVN", "name": "Slovenia", "official_name": "Republic of Slovenia", "numeric": "705", "slug": "slovenia"}, "model": "diplomat.isocountry", "pk": 203}, {"fields": {"alpha2": "SB", "alpha3": "SLB", "name": "Solomon Islands", "official_name": null, "numeric": "090", "slug": "solomon-islands"}, "model": "diplomat.isocountry", "pk": 204}, {"fields": {"alpha2": "SO", "alpha3": "SOM", "name": "Somalia", "official_name": "Somali Republic", "numeric": "706", "slug": "somalia"}, "model": "diplomat.isocountry", "pk": 205}, {"fields": {"alpha2": "ZA", "alpha3": "ZAF", "name": "South Africa", "official_name": "Republic of South Africa", "numeric": "710", "slug": "south-africa"}, "model": "diplomat.isocountry", "pk": 206}, {"fields": {"alpha2": "GS", "alpha3": "SGS", "name": "South Georgia and the South Sandwich Islands", "official_name": null, "numeric": "239", "slug": "south-georgia-and-the-south-sandwich-islands"}, "model": "diplomat.isocountry", "pk": 207}, {"fields": {"alpha2": "ES", "alpha3": "ESP", "name": "Spain", "official_name": "Kingdom of Spain", "numeric": "724", "slug": "spain"}, "model": "diplomat.isocountry", "pk": 208}, {"fields": {"alpha2": "LK", "alpha3": "LKA", "name": "Sri Lanka", "official_name": "Democratic Socialist Republic of Sri Lanka", "numeric": "144", "slug": "sri-lanka"}, "model": "diplomat.isocountry", "pk": 209}, {"fields": {"alpha2": "SD", "alpha3": "SDN", "name": "Sudan", "official_name": "Republic of the Sudan", "numeric": "736", "slug": "sudan"}, "model": "diplomat.isocountry", "pk": 210}, {"fields": {"alpha2": "SR", "alpha3": "SUR", "name": "Suriname", "official_name": "Republic of Suriname", "numeric": "740", "slug": "suriname"}, "model": "diplomat.isocountry", "pk": 211}, {"fields": {"alpha2": "SJ", "alpha3": "SJM", "name": "Svalbard and Jan Mayen", "official_name": null, "numeric": "744", "slug": "svalbard-and-jan-mayen"}, "model": "diplomat.isocountry", "pk": 212}, {"fields": {"alpha2": "SZ", "alpha3": "SWZ", "name": "Swaziland", "official_name": "Kingdom of Swaziland", "numeric": "748", "slug": "swaziland"}, "model": "diplomat.isocountry", "pk": 213}, {"fields": {"alpha2": "SE", "alpha3": "SWE", "name": "Sweden", "official_name": "Kingdom of Sweden", "numeric": "752", "slug": "sweden"}, "model": "diplomat.isocountry", "pk": 214}, {"fields": {"alpha2": "CH", "alpha3": "CHE", "name": "Switzerland", "official_name": "Swiss Confederation", "numeric": "756", "slug": "switzerland"}, "model": "diplomat.isocountry", "pk": 215}, {"fields": {"alpha2": "SY", "alpha3": "SYR", "name": "Syrian Arab Republic", "official_name": null, "numeric": "760", "slug": "syrian-arab-republic"}, "model": "diplomat.isocountry", "pk": 216}, {"fields": {"alpha2": "TW", "alpha3": "TWN", "name": "Taiwan, Province of China", "official_name": "Taiwan, Province of China", "numeric": "158", "slug": "taiwan-province-of-china"}, "model": "diplomat.isocountry", "pk": 217}, {"fields": {"alpha2": "TJ", "alpha3": "TJK", "name": "Tajikistan", "official_name": "Republic of Tajikistan", "numeric": "762", "slug": "tajikistan"}, "model": "diplomat.isocountry", "pk": 218}, {"fields": {"alpha2": "TZ", "alpha3": "TZA", "name": "Tanzania, United Republic of", "official_name": "United Republic of Tanzania", "numeric": "834", "slug": "tanzania-united-republic-of"}, "model": "diplomat.isocountry", "pk": 219}, {"fields": {"alpha2": "TH", "alpha3": "THA", "name": "Thailand", "official_name": "Kingdom of Thailand", "numeric": "764", "slug": "thailand"}, "model": "diplomat.isocountry", "pk": 220}, {"fields": {"alpha2": "TL", "alpha3": "TLS", "name": "Timor-Leste", "official_name": "Democratic Republic of Timor-Leste", "numeric": "626", "slug": "timor-leste"}, "model": "diplomat.isocountry", "pk": 221}, {"fields": {"alpha2": "TG", "alpha3": "TGO", "name": "Togo", "official_name": "Togolese Republic", "numeric": "768", "slug": "togo"}, "model": "diplomat.isocountry", "pk": 222}, {"fields": {"alpha2": "TK", "alpha3": "TKL", "name": "Tokelau", "official_name": null, "numeric": "772", "slug": "tokelau"}, "model": "diplomat.isocountry", "pk": 223}, {"fields": {"alpha2": "TO", "alpha3": "TON", "name": "Tonga", "official_name": "Kingdom of Tonga", "numeric": "776", "slug": "tonga"}, "model": "diplomat.isocountry", "pk": 224}, {"fields": {"alpha2": "TT", "alpha3": "TTO", "name": "Trinidad and Tobago", "official_name": "Republic of Trinidad and Tobago", "numeric": "780", "slug": "trinidad-and-tobago"}, "model": "diplomat.isocountry", "pk": 225}, {"fields": {"alpha2": "TN", "alpha3": "TUN", "name": "Tunisia", "official_name": "Republic of Tunisia", "numeric": "788", "slug": "tunisia"}, "model": "diplomat.isocountry", "pk": 226}, {"fields": {"alpha2": "TR", "alpha3": "TUR", "name": "Turkey", "official_name": "Republic of Turkey", "numeric": "792", "slug": "turkey"}, "model": "diplomat.isocountry", "pk": 227}, {"fields": {"alpha2": "TM", "alpha3": "TKM", "name": "Turkmenistan", "official_name": null, "numeric": "795", "slug": "turkmenistan"}, "model": "diplomat.isocountry", "pk": 228}, {"fields": {"alpha2": "TC", "alpha3": "TCA", "name": "Turks and Caicos Islands", "official_name": null, "numeric": "796", "slug": "turks-and-caicos-islands"}, "model": "diplomat.isocountry", "pk": 229}, {"fields": {"alpha2": "TV", "alpha3": "TUV", "name": "Tuvalu", "official_name": null, "numeric": "798", "slug": "tuvalu"}, "model": "diplomat.isocountry", "pk": 230}, {"fields": {"alpha2": "UG", "alpha3": "UGA", "name": "Uganda", "official_name": "Republic of Uganda", "numeric": "800", "slug": "uganda"}, "model": "diplomat.isocountry", "pk": 231}, {"fields": {"alpha2": "UA", "alpha3": "UKR", "name": "Ukraine", "official_name": null, "numeric": "804", "slug": "ukraine"}, "model": "diplomat.isocountry", "pk": 232}, {"fields": {"alpha2": "AE", "alpha3": "ARE", "name": "United Arab Emirates", "official_name": null, "numeric": "784", "slug": "united-arab-emirates"}, "model": "diplomat.isocountry", "pk": 233}, {"fields": {"alpha2": "GB", "alpha3": "GBR", "name": "United Kingdom", "official_name": "United Kingdom of Great Britain and Northern Ireland", "numeric": "826", "slug": "united-kingdom"}, "model": "diplomat.isocountry", "pk": 234}, {"fields": {"alpha2": "US", "alpha3": "USA", "name": "United States", "official_name": "United States of America", "numeric": "840", "slug": "united-states"}, "model": "diplomat.isocountry", "pk": 235}, {"fields": {"alpha2": "UM", "alpha3": "UMI", "name": "United States Minor Outlying Islands", "official_name": null, "numeric": "581", "slug": "united-states-minor-outlying-islands"}, "model": "diplomat.isocountry", "pk": 236}, {"fields": {"alpha2": "UY", "alpha3": "URY", "name": "Uruguay", "official_name": "Eastern Republic of Uruguay", "numeric": "858", "slug": "uruguay"}, "model": "diplomat.isocountry", "pk": 237}, {"fields": {"alpha2": "UZ", "alpha3": "UZB", "name": "Uzbekistan", "official_name": "Republic of Uzbekistan", "numeric": "860", "slug": "uzbekistan"}, "model": "diplomat.isocountry", "pk": 238}, {"fields": {"alpha2": "VU", "alpha3": "VUT", "name": "Vanuatu", "official_name": "Republic of Vanuatu", "numeric": "548", "slug": "vanuatu"}, "model": "diplomat.isocountry", "pk": 239}, {"fields": {"alpha2": "VE", "alpha3": "VEN", "name": "Venezuela, Bolivarian republic of", "official_name": "Bolivarian Republic of Venezuela", "numeric": "862", "slug": "venezuela-bolivarian-republic-of"}, "model": "diplomat.isocountry", "pk": 240}, {"fields": {"alpha2": "VN", "alpha3": "VNM", "name": "Viet Nam", "official_name": "Socialist Republic of Viet Nam", "numeric": "704", "slug": "viet-nam"}, "model": "diplomat.isocountry", "pk": 241}, {"fields": {"alpha2": "VG", "alpha3": "VGB", "name": "Virgin Islands, British", "official_name": "British Virgin Islands", "numeric": "092", "slug": "virgin-islands-british"}, "model": "diplomat.isocountry", "pk": 242}, {"fields": {"alpha2": "VI", "alpha3": "VIR", "name": "Virgin Islands, U.S.", "official_name": "Virgin Islands of the United States", "numeric": "850", "slug": "virgin-islands-us"}, "model": "diplomat.isocountry", "pk": 243}, {"fields": {"alpha2": "WF", "alpha3": "WLF", "name": "Wallis and Futuna", "official_name": null, "numeric": "876", "slug": "wallis-and-futuna"}, "model": "diplomat.isocountry", "pk": 244}, {"fields": {"alpha2": "EH", "alpha3": "ESH", "name": "Western Sahara", "official_name": null, "numeric": "732", "slug": "western-sahara"}, "model": "diplomat.isocountry", "pk": 245}, {"fields": {"alpha2": "YE", "alpha3": "YEM", "name": "Yemen", "official_name": "Republic of Yemen", "numeric": "887", "slug": "yemen"}, "model": "diplomat.isocountry", "pk": 246}, {"fields": {"alpha2": "ZM", "alpha3": "ZMB", "name": "Zambia", "official_name": "Republic of Zambia", "numeric": "894", "slug": "zambia"}, "model": "diplomat.isocountry", "pk": 247}, {"fields": {"alpha2": "ZW", "alpha3": "ZWE", "name": "Zimbabwe", "official_name": "Republic of Zimbabwe", "numeric": "716", "slug": "zimbabwe"}, "model": "diplomat.isocountry", "pk": 248}, {"fields": {"alpha2": "aa", "slug": "afar", "terminology": "aar", "bibliographic": "aar", "name": "Afar"}, "model": "diplomat.isolanguage", "pk": 1}, {"fields": {"alpha2": "ab", "slug": "abkhazian", "terminology": "abk", "bibliographic": "abk", "name": "Abkhazian"}, "model": "diplomat.isolanguage", "pk": 2}, {"fields": {"alpha2": null, "slug": "achinese", "terminology": "ace", "bibliographic": "ace", "name": "Achinese"}, "model": "diplomat.isolanguage", "pk": 3}, {"fields": {"alpha2": null, "slug": "acoli", "terminology": "ach", "bibliographic": "ach", "name": "Acoli"}, "model": "diplomat.isolanguage", "pk": 4}, {"fields": {"alpha2": null, "slug": "adangme", "terminology": "ada", "bibliographic": "ada", "name": "Adangme"}, "model": "diplomat.isolanguage", "pk": 5}, {"fields": {"alpha2": null, "slug": "adyghe-adygei", "terminology": "ady", "bibliographic": "ady", "name": "Adyghe; Adygei"}, "model": "diplomat.isolanguage", "pk": 6}, {"fields": {"alpha2": null, "slug": "afro-asiatic-languages", "terminology": "afa", "bibliographic": "afa", "name": "Afro-Asiatic languages"}, "model": "diplomat.isolanguage", "pk": 7}, {"fields": {"alpha2": null, "slug": "afrihili", "terminology": "afh", "bibliographic": "afh", "name": "Afrihili"}, "model": "diplomat.isolanguage", "pk": 8}, {"fields": {"alpha2": "af", "slug": "afrikaans", "terminology": "afr", "bibliographic": "afr", "name": "Afrikaans"}, "model": "diplomat.isolanguage", "pk": 9}, {"fields": {"alpha2": null, "slug": "ainu", "terminology": "ain", "bibliographic": "ain", "name": "Ainu"}, "model": "diplomat.isolanguage", "pk": 10}, {"fields": {"alpha2": "ak", "slug": "akan", "terminology": "aka", "bibliographic": "aka", "name": "Akan"}, "model": "diplomat.isolanguage", "pk": 11}, {"fields": {"alpha2": null, "slug": "akkadian", "terminology": "akk", "bibliographic": "akk", "name": "Akkadian"}, "model": "diplomat.isolanguage", "pk": 12}, {"fields": {"alpha2": "sq", "slug": "albanian", "terminology": "sqi", "bibliographic": "alb", "name": "Albanian"}, "model": "diplomat.isolanguage", "pk": 13}, {"fields": {"alpha2": null, "slug": "aleut", "terminology": "ale", "bibliographic": "ale", "name": "Aleut"}, "model": "diplomat.isolanguage", "pk": 14}, {"fields": {"alpha2": null, "slug": "algonquian-languages", "terminology": "alg", "bibliographic": "alg", "name": "Algonquian languages"}, "model": "diplomat.isolanguage", "pk": 15}, {"fields": {"alpha2": null, "slug": "southern-altai", "terminology": "alt", "bibliographic": "alt", "name": "Southern Altai"}, "model": "diplomat.isolanguage", "pk": 16}, {"fields": {"alpha2": "am", "slug": "amharic", "terminology": "amh", "bibliographic": "amh", "name": "Amharic"}, "model": "diplomat.isolanguage", "pk": 17}, {"fields": {"alpha2": null, "slug": "english-old-ca-450-1100", "terminology": "ang", "bibliographic": "ang", "name": "English, Old (ca. 450-1100)"}, "model": "diplomat.isolanguage", "pk": 18}, {"fields": {"alpha2": null, "slug": "angika", "terminology": "anp", "bibliographic": "anp", "name": "Angika"}, "model": "diplomat.isolanguage", "pk": 19}, {"fields": {"alpha2": null, "slug": "apache-languages", "terminology": "apa", "bibliographic": "apa", "name": "Apache languages"}, "model": "diplomat.isolanguage", "pk": 20}, {"fields": {"alpha2": "ar", "slug": "arabic", "terminology": "ara", "bibliographic": "ara", "name": "Arabic"}, "model": "diplomat.isolanguage", "pk": 21}, {"fields": {"alpha2": null, "slug": "official-aramaic-700-300-bce-imperial-aramaic-700-300-bce", "terminology": "arc", "bibliographic": "arc", "name": "Official Aramaic (700-300 BCE); Imperial Aramaic (700-300 BCE)"}, "model": "diplomat.isolanguage", "pk": 22}, {"fields": {"alpha2": "an", "slug": "aragonese", "terminology": "arg", "bibliographic": "arg", "name": "Aragonese"}, "model": "diplomat.isolanguage", "pk": 23}, {"fields": {"alpha2": "hy", "slug": "armenian", "terminology": "hye", "bibliographic": "arm", "name": "Armenian"}, "model": "diplomat.isolanguage", "pk": 24}, {"fields": {"alpha2": null, "slug": "mapudungun-mapuche", "terminology": "arn", "bibliographic": "arn", "name": "Mapudungun; Mapuche"}, "model": "diplomat.isolanguage", "pk": 25}, {"fields": {"alpha2": null, "slug": "arapaho", "terminology": "arp", "bibliographic": "arp", "name": "Arapaho"}, "model": "diplomat.isolanguage", "pk": 26}, {"fields": {"alpha2": null, "slug": "artificial-languages", "terminology": "art", "bibliographic": "art", "name": "Artificial languages"}, "model": "diplomat.isolanguage", "pk": 27}, {"fields": {"alpha2": null, "slug": "arawak", "terminology": "arw", "bibliographic": "arw", "name": "Arawak"}, "model": "diplomat.isolanguage", "pk": 28}, {"fields": {"alpha2": "as", "slug": "assamese", "terminology": "asm", "bibliographic": "asm", "name": "Assamese"}, "model": "diplomat.isolanguage", "pk": 29}, {"fields": {"alpha2": null, "slug": "asturian-bable-leonese-asturleonese", "terminology": "ast", "bibliographic": "ast", "name": "Asturian; Bable; Leonese; Asturleonese"}, "model": "diplomat.isolanguage", "pk": 30}, {"fields": {"alpha2": null, "slug": "athapascan-languages", "terminology": "ath", "bibliographic": "ath", "name": "Athapascan languages"}, "model": "diplomat.isolanguage", "pk": 31}, {"fields": {"alpha2": null, "slug": "australian-languages", "terminology": "aus", "bibliographic": "aus", "name": "Australian languages"}, "model": "diplomat.isolanguage", "pk": 32}, {"fields": {"alpha2": "av", "slug": "avaric", "terminology": "ava", "bibliographic": "ava", "name": "Avaric"}, "model": "diplomat.isolanguage", "pk": 33}, {"fields": {"alpha2": "ae", "slug": "avestan", "terminology": "ave", "bibliographic": "ave", "name": "Avestan"}, "model": "diplomat.isolanguage", "pk": 34}, {"fields": {"alpha2": null, "slug": "awadhi", "terminology": "awa", "bibliographic": "awa", "name": "Awadhi"}, "model": "diplomat.isolanguage", "pk": 35}, {"fields": {"alpha2": "ay", "slug": "aymara", "terminology": "aym", "bibliographic": "aym", "name": "Aymara"}, "model": "diplomat.isolanguage", "pk": 36}, {"fields": {"alpha2": "az", "slug": "azerbaijani", "terminology": "aze", "bibliographic": "aze", "name": "Azerbaijani"}, "model": "diplomat.isolanguage", "pk": 37}, {"fields": {"alpha2": null, "slug": "banda-languages", "terminology": "bad", "bibliographic": "bad", "name": "Banda languages"}, "model": "diplomat.isolanguage", "pk": 38}, {"fields": {"alpha2": null, "slug": "bamileke-languages", "terminology": "bai", "bibliographic": "bai", "name": "Bamileke languages"}, "model": "diplomat.isolanguage", "pk": 39}, {"fields": {"alpha2": "ba", "slug": "bashkir", "terminology": "bak", "bibliographic": "bak", "name": "Bashkir"}, "model": "diplomat.isolanguage", "pk": 40}, {"fields": {"alpha2": null, "slug": "baluchi", "terminology": "bal", "bibliographic": "bal", "name": "Baluchi"}, "model": "diplomat.isolanguage", "pk": 41}, {"fields": {"alpha2": "bm", "slug": "bambara", "terminology": "bam", "bibliographic": "bam", "name": "Bambara"}, "model": "diplomat.isolanguage", "pk": 42}, {"fields": {"alpha2": null, "slug": "balinese", "terminology": "ban", "bibliographic": "ban", "name": "Balinese"}, "model": "diplomat.isolanguage", "pk": 43}, {"fields": {"alpha2": "eu", "slug": "basque", "terminology": "eus", "bibliographic": "baq", "name": "Basque"}, "model": "diplomat.isolanguage", "pk": 44}, {"fields": {"alpha2": null, "slug": "basa", "terminology": "bas", "bibliographic": "bas", "name": "Basa"}, "model": "diplomat.isolanguage", "pk": 45}, {"fields": {"alpha2": null, "slug": "baltic-languages", "terminology": "bat", "bibliographic": "bat", "name": "Baltic languages"}, "model": "diplomat.isolanguage", "pk": 46}, {"fields": {"alpha2": null, "slug": "beja-bedawiyet", "terminology": "bej", "bibliographic": "bej", "name": "Beja; Bedawiyet"}, "model": "diplomat.isolanguage", "pk": 47}, {"fields": {"alpha2": "be", "slug": "belarusian", "terminology": "bel", "bibliographic": "bel", "name": "Belarusian"}, "model": "diplomat.isolanguage", "pk": 48}, {"fields": {"alpha2": null, "slug": "bemba", "terminology": "bem", "bibliographic": "bem", "name": "Bemba"}, "model": "diplomat.isolanguage", "pk": 49}, {"fields": {"alpha2": "bn", "slug": "bengali", "terminology": "ben", "bibliographic": "ben", "name": "Bengali"}, "model": "diplomat.isolanguage", "pk": 50}, {"fields": {"alpha2": null, "slug": "berber-languages", "terminology": "ber", "bibliographic": "ber", "name": "Berber languages"}, "model": "diplomat.isolanguage", "pk": 51}, {"fields": {"alpha2": null, "slug": "bhojpuri", "terminology": "bho", "bibliographic": "bho", "name": "Bhojpuri"}, "model": "diplomat.isolanguage", "pk": 52}, {"fields": {"alpha2": "bh", "slug": "bihari-languages", "terminology": "bih", "bibliographic": "bih", "name": "Bihari languages"}, "model": "diplomat.isolanguage", "pk": 53}, {"fields": {"alpha2": null, "slug": "bikol", "terminology": "bik", "bibliographic": "bik", "name": "Bikol"}, "model": "diplomat.isolanguage", "pk": 54}, {"fields": {"alpha2": null, "slug": "bini-edo", "terminology": "bin", "bibliographic": "bin", "name": "Bini; Edo"}, "model": "diplomat.isolanguage", "pk": 55}, {"fields": {"alpha2": "bi", "slug": "bislama", "terminology": "bis", "bibliographic": "bis", "name": "Bislama"}, "model": "diplomat.isolanguage", "pk": 56}, {"fields": {"alpha2": null, "slug": "siksika", "terminology": "bla", "bibliographic": "bla", "name": "Siksika"}, "model": "diplomat.isolanguage", "pk": 57}, {"fields": {"alpha2": null, "slug": "bantu-languages", "terminology": "bnt", "bibliographic": "bnt", "name": "Bantu languages"}, "model": "diplomat.isolanguage", "pk": 58}, {"fields": {"alpha2": "bs", "slug": "bosnian", "terminology": "bos", "bibliographic": "bos", "name": "Bosnian"}, "model": "diplomat.isolanguage", "pk": 59}, {"fields": {"alpha2": null, "slug": "braj", "terminology": "bra", "bibliographic": "bra", "name": "Braj"}, "model": "diplomat.isolanguage", "pk": 60}, {"fields": {"alpha2": "br", "slug": "breton", "terminology": "bre", "bibliographic": "bre", "name": "Breton"}, "model": "diplomat.isolanguage", "pk": 61}, {"fields": {"alpha2": null, "slug": "batak-languages", "terminology": "btk", "bibliographic": "btk", "name": "Batak languages"}, "model": "diplomat.isolanguage", "pk": 62}, {"fields": {"alpha2": null, "slug": "buriat", "terminology": "bua", "bibliographic": "bua", "name": "Buriat"}, "model": "diplomat.isolanguage", "pk": 63}, {"fields": {"alpha2": null, "slug": "buginese", "terminology": "bug", "bibliographic": "bug", "name": "Buginese"}, "model": "diplomat.isolanguage", "pk": 64}, {"fields": {"alpha2": "bg", "slug": "bulgarian", "terminology": "bul", "bibliographic": "bul", "name": "Bulgarian"}, "model": "diplomat.isolanguage", "pk": 65}, {"fields": {"alpha2": "my", "slug": "burmese", "terminology": "mya", "bibliographic": "bur", "name": "Burmese"}, "model": "diplomat.isolanguage", "pk": 66}, {"fields": {"alpha2": null, "slug": "blin-bilin", "terminology": "byn", "bibliographic": "byn", "name": "Blin; Bilin"}, "model": "diplomat.isolanguage", "pk": 67}, {"fields": {"alpha2": null, "slug": "caddo", "terminology": "cad", "bibliographic": "cad", "name": "Caddo"}, "model": "diplomat.isolanguage", "pk": 68}, {"fields": {"alpha2": null, "slug": "central-american-indian-languages", "terminology": "cai", "bibliographic": "cai", "name": "Central American Indian languages"}, "model": "diplomat.isolanguage", "pk": 69}, {"fields": {"alpha2": null, "slug": "galibi-carib", "terminology": "car", "bibliographic": "car", "name": "Galibi Carib"}, "model": "diplomat.isolanguage", "pk": 70}, {"fields": {"alpha2": "ca", "slug": "catalan-valencian", "terminology": "cat", "bibliographic": "cat", "name": "Catalan; Valencian"}, "model": "diplomat.isolanguage", "pk": 71}, {"fields": {"alpha2": null, "slug": "caucasian-languages", "terminology": "cau", "bibliographic": "cau", "name": "Caucasian languages"}, "model": "diplomat.isolanguage", "pk": 72}, {"fields": {"alpha2": null, "slug": "cebuano", "terminology": "ceb", "bibliographic": "ceb", "name": "Cebuano"}, "model": "diplomat.isolanguage", "pk": 73}, {"fields": {"alpha2": null, "slug": "celtic-languages", "terminology": "cel", "bibliographic": "cel", "name": "Celtic languages"}, "model": "diplomat.isolanguage", "pk": 74}, {"fields": {"alpha2": "ch", "slug": "chamorro", "terminology": "cha", "bibliographic": "cha", "name": "Chamorro"}, "model": "diplomat.isolanguage", "pk": 75}, {"fields": {"alpha2": null, "slug": "chibcha", "terminology": "chb", "bibliographic": "chb", "name": "Chibcha"}, "model": "diplomat.isolanguage", "pk": 76}, {"fields": {"alpha2": "ce", "slug": "chechen", "terminology": "che", "bibliographic": "che", "name": "Chechen"}, "model": "diplomat.isolanguage", "pk": 77}, {"fields": {"alpha2": null, "slug": "chagatai", "terminology": "chg", "bibliographic": "chg", "name": "Chagatai"}, "model": "diplomat.isolanguage", "pk": 78}, {"fields": {"alpha2": "zh", "slug": "chinese", "terminology": "zho", "bibliographic": "chi", "name": "Chinese"}, "model": "diplomat.isolanguage", "pk": 79}, {"fields": {"alpha2": null, "slug": "chuukese", "terminology": "chk", "bibliographic": "chk", "name": "Chuukese"}, "model": "diplomat.isolanguage", "pk": 80}, {"fields": {"alpha2": null, "slug": "mari", "terminology": "chm", "bibliographic": "chm", "name": "Mari"}, "model": "diplomat.isolanguage", "pk": 81}, {"fields": {"alpha2": null, "slug": "chinook-jargon", "terminology": "chn", "bibliographic": "chn", "name": "Chinook jargon"}, "model": "diplomat.isolanguage", "pk": 82}, {"fields": {"alpha2": null, "slug": "choctaw", "terminology": "cho", "bibliographic": "cho", "name": "Choctaw"}, "model": "diplomat.isolanguage", "pk": 83}, {"fields": {"alpha2": null, "slug": "chipewyan-dene-suline", "terminology": "chp", "bibliographic": "chp", "name": "Chipewyan; Dene Suline"}, "model": "diplomat.isolanguage", "pk": 84}, {"fields": {"alpha2": null, "slug": "cherokee", "terminology": "chr", "bibliographic": "chr", "name": "Cherokee"}, "model": "diplomat.isolanguage", "pk": 85}, {"fields": {"alpha2": "cu", "slug": "church-slavic-old-slavonic-church-slavonic-old-bulgarian-old-church-slavonic", "terminology": "chu", "bibliographic": "chu", "name": "Church Slavic; Old Slavonic; Church Slavonic; Old Bulgarian; Old Church Slavonic"}, "model": "diplomat.isolanguage", "pk": 86}, {"fields": {"alpha2": "cv", "slug": "chuvash", "terminology": "chv", "bibliographic": "chv", "name": "Chuvash"}, "model": "diplomat.isolanguage", "pk": 87}, {"fields": {"alpha2": null, "slug": "cheyenne", "terminology": "chy", "bibliographic": "chy", "name": "Cheyenne"}, "model": "diplomat.isolanguage", "pk": 88}, {"fields": {"alpha2": null, "slug": "chamic-languages", "terminology": "cmc", "bibliographic": "cmc", "name": "Chamic languages"}, "model": "diplomat.isolanguage", "pk": 89}, {"fields": {"alpha2": null, "slug": "coptic", "terminology": "cop", "bibliographic": "cop", "name": "Coptic"}, "model": "diplomat.isolanguage", "pk": 90}, {"fields": {"alpha2": "kw", "slug": "cornish", "terminology": "cor", "bibliographic": "cor", "name": "Cornish"}, "model": "diplomat.isolanguage", "pk": 91}, {"fields": {"alpha2": "co", "slug": "corsican", "terminology": "cos", "bibliographic": "cos", "name": "Corsican"}, "model": "diplomat.isolanguage", "pk": 92}, {"fields": {"alpha2": null, "slug": "creoles-and-pidgins-english-based", "terminology": "cpe", "bibliographic": "cpe", "name": "Creoles and pidgins, English based"}, "model": "diplomat.isolanguage", "pk": 93}, {"fields": {"alpha2": null, "slug": "creoles-and-pidgins-french-based", "terminology": "cpf", "bibliographic": "cpf", "name": "Creoles and pidgins, French-based"}, "model": "diplomat.isolanguage", "pk": 94}, {"fields": {"alpha2": null, "slug": "creoles-and-pidgins-portuguese-based", "terminology": "cpp", "bibliographic": "cpp", "name": "Creoles and pidgins, Portuguese-based"}, "model": "diplomat.isolanguage", "pk": 95}, {"fields": {"alpha2": "cr", "slug": "cree", "terminology": "cre", "bibliographic": "cre", "name": "Cree"}, "model": "diplomat.isolanguage", "pk": 96}, {"fields": {"alpha2": null, "slug": "crimean-tatar-crimean-turkish", "terminology": "crh", "bibliographic": "crh", "name": "Crimean Tatar; Crimean Turkish"}, "model": "diplomat.isolanguage", "pk": 97}, {"fields": {"alpha2": null, "slug": "creoles-and-pidgins", "terminology": "crp", "bibliographic": "crp", "name": "Creoles and pidgins"}, "model": "diplomat.isolanguage", "pk": 98}, {"fields": {"alpha2": null, "slug": "kashubian", "terminology": "csb", "bibliographic": "csb", "name": "Kashubian"}, "model": "diplomat.isolanguage", "pk": 99}, {"fields": {"alpha2": null, "slug": "cushitic-languages", "terminology": "cus", "bibliographic": "cus", "name": "Cushitic languages"}, "model": "diplomat.isolanguage", "pk": 100}, {"fields": {"alpha2": "cs", "slug": "czech", "terminology": "ces", "bibliographic": "cze", "name": "Czech"}, "model": "diplomat.isolanguage", "pk": 101}, {"fields": {"alpha2": null, "slug": "dakota", "terminology": "dak", "bibliographic": "dak", "name": "Dakota"}, "model": "diplomat.isolanguage", "pk": 102}, {"fields": {"alpha2": "da", "slug": "danish", "terminology": "dan", "bibliographic": "dan", "name": "Danish"}, "model": "diplomat.isolanguage", "pk": 103}, {"fields": {"alpha2": null, "slug": "dargwa", "terminology": "dar", "bibliographic": "dar", "name": "Dargwa"}, "model": "diplomat.isolanguage", "pk": 104}, {"fields": {"alpha2": null, "slug": "land-dayak-languages", "terminology": "day", "bibliographic": "day", "name": "Land Dayak languages"}, "model": "diplomat.isolanguage", "pk": 105}, {"fields": {"alpha2": null, "slug": "delaware", "terminology": "del", "bibliographic": "del", "name": "Delaware"}, "model": "diplomat.isolanguage", "pk": 106}, {"fields": {"alpha2": null, "slug": "slave-athapascan", "terminology": "den", "bibliographic": "den", "name": "Slave (Athapascan)"}, "model": "diplomat.isolanguage", "pk": 107}, {"fields": {"alpha2": null, "slug": "dogrib", "terminology": "dgr", "bibliographic": "dgr", "name": "Dogrib"}, "model": "diplomat.isolanguage", "pk": 108}, {"fields": {"alpha2": null, "slug": "dinka", "terminology": "din", "bibliographic": "din", "name": "Dinka"}, "model": "diplomat.isolanguage", "pk": 109}, {"fields": {"alpha2": "dv", "slug": "divehi-dhivehi-maldivian", "terminology": "div", "bibliographic": "div", "name": "Divehi; Dhivehi; Maldivian"}, "model": "diplomat.isolanguage", "pk": 110}, {"fields": {"alpha2": null, "slug": "dogri", "terminology": "doi", "bibliographic": "doi", "name": "Dogri"}, "model": "diplomat.isolanguage", "pk": 111}, {"fields": {"alpha2": null, "slug": "dravidian-languages", "terminology": "dra", "bibliographic": "dra", "name": "Dravidian languages"}, "model": "diplomat.isolanguage", "pk": 112}, {"fields": {"alpha2": null, "slug": "lower-sorbian", "terminology": "dsb", "bibliographic": "dsb", "name": "Lower Sorbian"}, "model": "diplomat.isolanguage", "pk": 113}, {"fields": {"alpha2": null, "slug": "duala", "terminology": "dua", "bibliographic": "dua", "name": "Duala"}, "model": "diplomat.isolanguage", "pk": 114}, {"fields": {"alpha2": null, "slug": "dutch-middle-ca-1050-1350", "terminology": "dum", "bibliographic": "dum", "name": "Dutch, Middle (ca. 1050-1350)"}, "model": "diplomat.isolanguage", "pk": 115}, {"fields": {"alpha2": "nl", "slug": "dutch-flemish", "terminology": "nld", "bibliographic": "dut", "name": "Dutch; Flemish"}, "model": "diplomat.isolanguage", "pk": 116}, {"fields": {"alpha2": null, "slug": "dyula", "terminology": "dyu", "bibliographic": "dyu", "name": "Dyula"}, "model": "diplomat.isolanguage", "pk": 117}, {"fields": {"alpha2": "dz", "slug": "dzongkha", "terminology": "dzo", "bibliographic": "dzo", "name": "Dzongkha"}, "model": "diplomat.isolanguage", "pk": 118}, {"fields": {"alpha2": null, "slug": "efik", "terminology": "efi", "bibliographic": "efi", "name": "Efik"}, "model": "diplomat.isolanguage", "pk": 119}, {"fields": {"alpha2": null, "slug": "egyptian-ancient", "terminology": "egy", "bibliographic": "egy", "name": "Egyptian (Ancient)"}, "model": "diplomat.isolanguage", "pk": 120}, {"fields": {"alpha2": null, "slug": "ekajuk", "terminology": "eka", "bibliographic": "eka", "name": "Ekajuk"}, "model": "diplomat.isolanguage", "pk": 121}, {"fields": {"alpha2": null, "slug": "elamite", "terminology": "elx", "bibliographic": "elx", "name": "Elamite"}, "model": "diplomat.isolanguage", "pk": 122}, {"fields": {"alpha2": "en", "slug": "english", "terminology": "eng", "bibliographic": "eng", "name": "English"}, "model": "diplomat.isolanguage", "pk": 123}, {"fields": {"alpha2": null, "slug": "english-middle-1100-1500", "terminology": "enm", "bibliographic": "enm", "name": "English, Middle (1100-1500)"}, "model": "diplomat.isolanguage", "pk": 124}, {"fields": {"alpha2": "eo", "slug": "esperanto", "terminology": "epo", "bibliographic": "epo", "name": "Esperanto"}, "model": "diplomat.isolanguage", "pk": 125}, {"fields": {"alpha2": "et", "slug": "estonian", "terminology": "est", "bibliographic": "est", "name": "Estonian"}, "model": "diplomat.isolanguage", "pk": 126}, {"fields": {"alpha2": "ee", "slug": "ewe", "terminology": "ewe", "bibliographic": "ewe", "name": "Ewe"}, "model": "diplomat.isolanguage", "pk": 127}, {"fields": {"alpha2": null, "slug": "ewondo", "terminology": "ewo", "bibliographic": "ewo", "name": "Ewondo"}, "model": "diplomat.isolanguage", "pk": 128}, {"fields": {"alpha2": null, "slug": "fang", "terminology": "fan", "bibliographic": "fan", "name": "Fang"}, "model": "diplomat.isolanguage", "pk": 129}, {"fields": {"alpha2": "fo", "slug": "faroese", "terminology": "fao", "bibliographic": "fao", "name": "Faroese"}, "model": "diplomat.isolanguage", "pk": 130}, {"fields": {"alpha2": null, "slug": "fanti", "terminology": "fat", "bibliographic": "fat", "name": "Fanti"}, "model": "diplomat.isolanguage", "pk": 131}, {"fields": {"alpha2": "fj", "slug": "fijian", "terminology": "fij", "bibliographic": "fij", "name": "Fijian"}, "model": "diplomat.isolanguage", "pk": 132}, {"fields": {"alpha2": null, "slug": "filipino-pilipino", "terminology": "fil", "bibliographic": "fil", "name": "Filipino; Pilipino"}, "model": "diplomat.isolanguage", "pk": 133}, {"fields": {"alpha2": "fi", "slug": "finnish", "terminology": "fin", "bibliographic": "fin", "name": "Finnish"}, "model": "diplomat.isolanguage", "pk": 134}, {"fields": {"alpha2": null, "slug": "finno-ugrian-languages", "terminology": "fiu", "bibliographic": "fiu", "name": "Finno-Ugrian languages"}, "model": "diplomat.isolanguage", "pk": 135}, {"fields": {"alpha2": null, "slug": "fon", "terminology": "fon", "bibliographic": "fon", "name": "Fon"}, "model": "diplomat.isolanguage", "pk": 136}, {"fields": {"alpha2": "fr", "slug": "french", "terminology": "fra", "bibliographic": "fre", "name": "French"}, "model": "diplomat.isolanguage", "pk": 137}, {"fields": {"alpha2": null, "slug": "french-middle-ca-1400-1600", "terminology": "frm", "bibliographic": "frm", "name": "French, Middle (ca. 1400-1600)"}, "model": "diplomat.isolanguage", "pk": 138}, {"fields": {"alpha2": null, "slug": "french-old-842-ca-1400", "terminology": "fro", "bibliographic": "fro", "name": "French, Old (842-ca. 1400)"}, "model": "diplomat.isolanguage", "pk": 139}, {"fields": {"alpha2": null, "slug": "northern-frisian", "terminology": "frr", "bibliographic": "frr", "name": "Northern Frisian"}, "model": "diplomat.isolanguage", "pk": 140}, {"fields": {"alpha2": null, "slug": "eastern-frisian", "terminology": "frs", "bibliographic": "frs", "name": "Eastern Frisian"}, "model": "diplomat.isolanguage", "pk": 141}, {"fields": {"alpha2": "fy", "slug": "western-frisian", "terminology": "fry", "bibliographic": "fry", "name": "Western Frisian"}, "model": "diplomat.isolanguage", "pk": 142}, {"fields": {"alpha2": "ff", "slug": "fulah", "terminology": "ful", "bibliographic": "ful", "name": "Fulah"}, "model": "diplomat.isolanguage", "pk": 143}, {"fields": {"alpha2": null, "slug": "friulian", "terminology": "fur", "bibliographic": "fur", "name": "Friulian"}, "model": "diplomat.isolanguage", "pk": 144}, {"fields": {"alpha2": null, "slug": "ga", "terminology": "gaa", "bibliographic": "gaa", "name": "Ga"}, "model": "diplomat.isolanguage", "pk": 145}, {"fields": {"alpha2": null, "slug": "gayo", "terminology": "gay", "bibliographic": "gay", "name": "Gayo"}, "model": "diplomat.isolanguage", "pk": 146}, {"fields": {"alpha2": null, "slug": "gbaya", "terminology": "gba", "bibliographic": "gba", "name": "Gbaya"}, "model": "diplomat.isolanguage", "pk": 147}, {"fields": {"alpha2": null, "slug": "germanic-languages", "terminology": "gem", "bibliographic": "gem", "name": "Germanic languages"}, "model": "diplomat.isolanguage", "pk": 148}, {"fields": {"alpha2": "ka", "slug": "georgian", "terminology": "kat", "bibliographic": "geo", "name": "Georgian"}, "model": "diplomat.isolanguage", "pk": 149}, {"fields": {"alpha2": "de", "slug": "german", "terminology": "deu", "bibliographic": "ger", "name": "German"}, "model": "diplomat.isolanguage", "pk": 150}, {"fields": {"alpha2": null, "slug": "geez", "terminology": "gez", "bibliographic": "gez", "name": "Geez"}, "model": "diplomat.isolanguage", "pk": 151}, {"fields": {"alpha2": null, "slug": "gilbertese", "terminology": "gil", "bibliographic": "gil", "name": "Gilbertese"}, "model": "diplomat.isolanguage", "pk": 152}, {"fields": {"alpha2": "gd", "slug": "gaelic-scottish-gaelic", "terminology": "gla", "bibliographic": "gla", "name": "Gaelic; Scottish Gaelic"}, "model": "diplomat.isolanguage", "pk": 153}, {"fields": {"alpha2": "ga", "slug": "irish", "terminology": "gle", "bibliographic": "gle", "name": "Irish"}, "model": "diplomat.isolanguage", "pk": 154}, {"fields": {"alpha2": "gl", "slug": "galician", "terminology": "glg", "bibliographic": "glg", "name": "Galician"}, "model": "diplomat.isolanguage", "pk": 155}, {"fields": {"alpha2": "gv", "slug": "manx", "terminology": "glv", "bibliographic": "glv", "name": "Manx"}, "model": "diplomat.isolanguage", "pk": 156}, {"fields": {"alpha2": null, "slug": "german-middle-high-ca-1050-1500", "terminology": "gmh", "bibliographic": "gmh", "name": "German, Middle High (ca. 1050-1500)"}, "model": "diplomat.isolanguage", "pk": 157}, {"fields": {"alpha2": null, "slug": "german-old-high-ca-750-1050", "terminology": "goh", "bibliographic": "goh", "name": "German, Old High (ca. 750-1050)"}, "model": "diplomat.isolanguage", "pk": 158}, {"fields": {"alpha2": null, "slug": "gondi", "terminology": "gon", "bibliographic": "gon", "name": "Gondi"}, "model": "diplomat.isolanguage", "pk": 159}, {"fields": {"alpha2": null, "slug": "gorontalo", "terminology": "gor", "bibliographic": "gor", "name": "Gorontalo"}, "model": "diplomat.isolanguage", "pk": 160}, {"fields": {"alpha2": null, "slug": "gothic", "terminology": "got", "bibliographic": "got", "name": "Gothic"}, "model": "diplomat.isolanguage", "pk": 161}, {"fields": {"alpha2": null, "slug": "grebo", "terminology": "grb", "bibliographic": "grb", "name": "Grebo"}, "model": "diplomat.isolanguage", "pk": 162}, {"fields": {"alpha2": null, "slug": "greek-ancient-to-1453", "terminology": "grc", "bibliographic": "grc", "name": "Greek, Ancient (to 1453)"}, "model": "diplomat.isolanguage", "pk": 163}, {"fields": {"alpha2": "el", "slug": "greek-modern-1453-", "terminology": "ell", "bibliographic": "gre", "name": "Greek, Modern (1453-)"}, "model": "diplomat.isolanguage", "pk": 164}, {"fields": {"alpha2": "gn", "slug": "guarani", "terminology": "grn", "bibliographic": "grn", "name": "Guarani"}, "model": "diplomat.isolanguage", "pk": 165}, {"fields": {"alpha2": null, "slug": "swiss-german-alemannic-alsatian", "terminology": "gsw", "bibliographic": "gsw", "name": "Swiss German; Alemannic; Alsatian"}, "model": "diplomat.isolanguage", "pk": 166}, {"fields": {"alpha2": "gu", "slug": "gujarati", "terminology": "guj", "bibliographic": "guj", "name": "Gujarati"}, "model": "diplomat.isolanguage", "pk": 167}, {"fields": {"alpha2": null, "slug": "gwichin", "terminology": "gwi", "bibliographic": "gwi", "name": "Gwich'in"}, "model": "diplomat.isolanguage", "pk": 168}, {"fields": {"alpha2": null, "slug": "haida", "terminology": "hai", "bibliographic": "hai", "name": "Haida"}, "model": "diplomat.isolanguage", "pk": 169}, {"fields": {"alpha2": "ht", "slug": "haitian-haitian-creole", "terminology": "hat", "bibliographic": "hat", "name": "Haitian; Haitian Creole"}, "model": "diplomat.isolanguage", "pk": 170}, {"fields": {"alpha2": "ha", "slug": "hausa", "terminology": "hau", "bibliographic": "hau", "name": "Hausa"}, "model": "diplomat.isolanguage", "pk": 171}, {"fields": {"alpha2": null, "slug": "hawaiian", "terminology": "haw", "bibliographic": "haw", "name": "Hawaiian"}, "model": "diplomat.isolanguage", "pk": 172}, {"fields": {"alpha2": "he", "slug": "hebrew", "terminology": "heb", "bibliographic": "heb", "name": "Hebrew"}, "model": "diplomat.isolanguage", "pk": 173}, {"fields": {"alpha2": "hz", "slug": "herero", "terminology": "her", "bibliographic": "her", "name": "Herero"}, "model": "diplomat.isolanguage", "pk": 174}, {"fields": {"alpha2": null, "slug": "hiligaynon", "terminology": "hil", "bibliographic": "hil", "name": "Hiligaynon"}, "model": "diplomat.isolanguage", "pk": 175}, {"fields": {"alpha2": null, "slug": "himachali-languages-western-pahari-languages", "terminology": "him", "bibliographic": "him", "name": "Himachali languages; Western Pahari languages"}, "model": "diplomat.isolanguage", "pk": 176}, {"fields": {"alpha2": "hi", "slug": "hindi", "terminology": "hin", "bibliographic": "hin", "name": "Hindi"}, "model": "diplomat.isolanguage", "pk": 177}, {"fields": {"alpha2": null, "slug": "hittite", "terminology": "hit", "bibliographic": "hit", "name": "Hittite"}, "model": "diplomat.isolanguage", "pk": 178}, {"fields": {"alpha2": null, "slug": "hmong-mong", "terminology": "hmn", "bibliographic": "hmn", "name": "Hmong; Mong"}, "model": "diplomat.isolanguage", "pk": 179}, {"fields": {"alpha2": "ho", "slug": "hiri-motu", "terminology": "hmo", "bibliographic": "hmo", "name": "Hiri Motu"}, "model": "diplomat.isolanguage", "pk": 180}, {"fields": {"alpha2": "hr", "slug": "croatian", "terminology": "hrv", "bibliographic": "hrv", "name": "Croatian"}, "model": "diplomat.isolanguage", "pk": 181}, {"fields": {"alpha2": null, "slug": "upper-sorbian", "terminology": "hsb", "bibliographic": "hsb", "name": "Upper Sorbian"}, "model": "diplomat.isolanguage", "pk": 182}, {"fields": {"alpha2": "hu", "slug": "hungarian", "terminology": "hun", "bibliographic": "hun", "name": "Hungarian"}, "model": "diplomat.isolanguage", "pk": 183}, {"fields": {"alpha2": null, "slug": "hupa", "terminology": "hup", "bibliographic": "hup", "name": "Hupa"}, "model": "diplomat.isolanguage", "pk": 184}, {"fields": {"alpha2": null, "slug": "iban", "terminology": "iba", "bibliographic": "iba", "name": "Iban"}, "model": "diplomat.isolanguage", "pk": 185}, {"fields": {"alpha2": "ig", "slug": "igbo", "terminology": "ibo", "bibliographic": "ibo", "name": "Igbo"}, "model": "diplomat.isolanguage", "pk": 186}, {"fields": {"alpha2": "is", "slug": "icelandic", "terminology": "isl", "bibliographic": "ice", "name": "Icelandic"}, "model": "diplomat.isolanguage", "pk": 187}, {"fields": {"alpha2": "io", "slug": "ido", "terminology": "ido", "bibliographic": "ido", "name": "Ido"}, "model": "diplomat.isolanguage", "pk": 188}, {"fields": {"alpha2": "ii", "slug": "sichuan-yi-nuosu", "terminology": "iii", "bibliographic": "iii", "name": "Sichuan Yi; Nuosu"}, "model": "diplomat.isolanguage", "pk": 189}, {"fields": {"alpha2": null, "slug": "ijo-languages", "terminology": "ijo", "bibliographic": "ijo", "name": "Ijo languages"}, "model": "diplomat.isolanguage", "pk": 190}, {"fields": {"alpha2": "iu", "slug": "inuktitut", "terminology": "iku", "bibliographic": "iku", "name": "Inuktitut"}, "model": "diplomat.isolanguage", "pk": 191}, {"fields": {"alpha2": "ie", "slug": "interlingue-occidental", "terminology": "ile", "bibliographic": "ile", "name": "Interlingue; Occidental"}, "model": "diplomat.isolanguage", "pk": 192}, {"fields": {"alpha2": null, "slug": "iloko", "terminology": "ilo", "bibliographic": "ilo", "name": "Iloko"}, "model": "diplomat.isolanguage", "pk": 193}, {"fields": {"alpha2": "ia", "slug": "interlingua-international-auxiliary-language-association", "terminology": "ina", "bibliographic": "ina", "name": "Interlingua (International Auxiliary Language Association)"}, "model": "diplomat.isolanguage", "pk": 194}, {"fields": {"alpha2": null, "slug": "indic-languages", "terminology": "inc", "bibliographic": "inc", "name": "Indic languages"}, "model": "diplomat.isolanguage", "pk": 195}, {"fields": {"alpha2": "id", "slug": "indonesian", "terminology": "ind", "bibliographic": "ind", "name": "Indonesian"}, "model": "diplomat.isolanguage", "pk": 196}, {"fields": {"alpha2": null, "slug": "indo-european-languages", "terminology": "ine", "bibliographic": "ine", "name": "Indo-European languages"}, "model": "diplomat.isolanguage", "pk": 197}, {"fields": {"alpha2": null, "slug": "ingush", "terminology": "inh", "bibliographic": "inh", "name": "Ingush"}, "model": "diplomat.isolanguage", "pk": 198}, {"fields": {"alpha2": "ik", "slug": "inupiaq", "terminology": "ipk", "bibliographic": "ipk", "name": "Inupiaq"}, "model": "diplomat.isolanguage", "pk": 199}, {"fields": {"alpha2": null, "slug": "iranian-languages", "terminology": "ira", "bibliographic": "ira", "name": "Iranian languages"}, "model": "diplomat.isolanguage", "pk": 200}, {"fields": {"alpha2": null, "slug": "iroquoian-languages", "terminology": "iro", "bibliographic": "iro", "name": "Iroquoian languages"}, "model": "diplomat.isolanguage", "pk": 201}, {"fields": {"alpha2": "it", "slug": "italian", "terminology": "ita", "bibliographic": "ita", "name": "Italian"}, "model": "diplomat.isolanguage", "pk": 202}, {"fields": {"alpha2": "jv", "slug": "javanese", "terminology": "jav", "bibliographic": "jav", "name": "Javanese"}, "model": "diplomat.isolanguage", "pk": 203}, {"fields": {"alpha2": null, "slug": "lojban", "terminology": "jbo", "bibliographic": "jbo", "name": "Lojban"}, "model": "diplomat.isolanguage", "pk": 204}, {"fields": {"alpha2": "ja", "slug": "japanese", "terminology": "jpn", "bibliographic": "jpn", "name": "Japanese"}, "model": "diplomat.isolanguage", "pk": 205}, {"fields": {"alpha2": null, "slug": "judeo-persian", "terminology": "jpr", "bibliographic": "jpr", "name": "Judeo-Persian"}, "model": "diplomat.isolanguage", "pk": 206}, {"fields": {"alpha2": null, "slug": "judeo-arabic", "terminology": "jrb", "bibliographic": "jrb", "name": "Judeo-Arabic"}, "model": "diplomat.isolanguage", "pk": 207}, {"fields": {"alpha2": null, "slug": "kara-kalpak", "terminology": "kaa", "bibliographic": "kaa", "name": "Kara-Kalpak"}, "model": "diplomat.isolanguage", "pk": 208}, {"fields": {"alpha2": null, "slug": "kabyle", "terminology": "kab", "bibliographic": "kab", "name": "Kabyle"}, "model": "diplomat.isolanguage", "pk": 209}, {"fields": {"alpha2": null, "slug": "kachin-jingpho", "terminology": "kac", "bibliographic": "kac", "name": "Kachin; Jingpho"}, "model": "diplomat.isolanguage", "pk": 210}, {"fields": {"alpha2": "kl", "slug": "kalaallisut-greenlandic", "terminology": "kal", "bibliographic": "kal", "name": "Kalaallisut; Greenlandic"}, "model": "diplomat.isolanguage", "pk": 211}, {"fields": {"alpha2": null, "slug": "kamba", "terminology": "kam", "bibliographic": "kam", "name": "Kamba"}, "model": "diplomat.isolanguage", "pk": 212}, {"fields": {"alpha2": "kn", "slug": "kannada", "terminology": "kan", "bibliographic": "kan", "name": "Kannada"}, "model": "diplomat.isolanguage", "pk": 213}, {"fields": {"alpha2": null, "slug": "karen-languages", "terminology": "kar", "bibliographic": "kar", "name": "Karen languages"}, "model": "diplomat.isolanguage", "pk": 214}, {"fields": {"alpha2": "ks", "slug": "kashmiri", "terminology": "kas", "bibliographic": "kas", "name": "Kashmiri"}, "model": "diplomat.isolanguage", "pk": 215}, {"fields": {"alpha2": "kr", "slug": "kanuri", "terminology": "kau", "bibliographic": "kau", "name": "Kanuri"}, "model": "diplomat.isolanguage", "pk": 216}, {"fields": {"alpha2": null, "slug": "kawi", "terminology": "kaw", "bibliographic": "kaw", "name": "Kawi"}, "model": "diplomat.isolanguage", "pk": 217}, {"fields": {"alpha2": "kk", "slug": "kazakh", "terminology": "kaz", "bibliographic": "kaz", "name": "Kazakh"}, "model": "diplomat.isolanguage", "pk": 218}, {"fields": {"alpha2": null, "slug": "kabardian", "terminology": "kbd", "bibliographic": "kbd", "name": "Kabardian"}, "model": "diplomat.isolanguage", "pk": 219}, {"fields": {"alpha2": null, "slug": "khasi", "terminology": "kha", "bibliographic": "kha", "name": "Khasi"}, "model": "diplomat.isolanguage", "pk": 220}, {"fields": {"alpha2": null, "slug": "khoisan-languages", "terminology": "khi", "bibliographic": "khi", "name": "Khoisan languages"}, "model": "diplomat.isolanguage", "pk": 221}, {"fields": {"alpha2": "km", "slug": "central-khmer", "terminology": "khm", "bibliographic": "khm", "name": "Central Khmer"}, "model": "diplomat.isolanguage", "pk": 222}, {"fields": {"alpha2": null, "slug": "khotanesesakan", "terminology": "kho", "bibliographic": "kho", "name": "Khotanese;Sakan"}, "model": "diplomat.isolanguage", "pk": 223}, {"fields": {"alpha2": "ki", "slug": "kikuyu-gikuyu", "terminology": "kik", "bibliographic": "kik", "name": "Kikuyu; Gikuyu"}, "model": "diplomat.isolanguage", "pk": 224}, {"fields": {"alpha2": "rw", "slug": "kinyarwanda", "terminology": "kin", "bibliographic": "kin", "name": "Kinyarwanda"}, "model": "diplomat.isolanguage", "pk": 225}, {"fields": {"alpha2": "ky", "slug": "kirghiz-kyrgyz", "terminology": "kir", "bibliographic": "kir", "name": "Kirghiz; Kyrgyz"}, "model": "diplomat.isolanguage", "pk": 226}, {"fields": {"alpha2": null, "slug": "kimbundu", "terminology": "kmb", "bibliographic": "kmb", "name": "Kimbundu"}, "model": "diplomat.isolanguage", "pk": 227}, {"fields": {"alpha2": null, "slug": "konkani", "terminology": "kok", "bibliographic": "kok", "name": "Konkani"}, "model": "diplomat.isolanguage", "pk": 228}, {"fields": {"alpha2": "kv", "slug": "komi", "terminology": "kom", "bibliographic": "kom", "name": "Komi"}, "model": "diplomat.isolanguage", "pk": 229}, {"fields": {"alpha2": "kg", "slug": "kongo", "terminology": "kon", "bibliographic": "kon", "name": "Kongo"}, "model": "diplomat.isolanguage", "pk": 230}, {"fields": {"alpha2": "ko", "slug": "korean", "terminology": "kor", "bibliographic": "kor", "name": "Korean"}, "model": "diplomat.isolanguage", "pk": 231}, {"fields": {"alpha2": null, "slug": "kosraean", "terminology": "kos", "bibliographic": "kos", "name": "Kosraean"}, "model": "diplomat.isolanguage", "pk": 232}, {"fields": {"alpha2": null, "slug": "kpelle", "terminology": "kpe", "bibliographic": "kpe", "name": "Kpelle"}, "model": "diplomat.isolanguage", "pk": 233}, {"fields": {"alpha2": null, "slug": "karachay-balkar", "terminology": "krc", "bibliographic": "krc", "name": "Karachay-Balkar"}, "model": "diplomat.isolanguage", "pk": 234}, {"fields": {"alpha2": null, "slug": "karelian", "terminology": "krl", "bibliographic": "krl", "name": "Karelian"}, "model": "diplomat.isolanguage", "pk": 235}, {"fields": {"alpha2": null, "slug": "kru-languages", "terminology": "kro", "bibliographic": "kro", "name": "Kru languages"}, "model": "diplomat.isolanguage", "pk": 236}, {"fields": {"alpha2": null, "slug": "kurukh", "terminology": "kru", "bibliographic": "kru", "name": "Kurukh"}, "model": "diplomat.isolanguage", "pk": 237}, {"fields": {"alpha2": "kj", "slug": "kuanyama-kwanyama", "terminology": "kua", "bibliographic": "kua", "name": "Kuanyama; Kwanyama"}, "model": "diplomat.isolanguage", "pk": 238}, {"fields": {"alpha2": null, "slug": "kumyk", "terminology": "kum", "bibliographic": "kum", "name": "Kumyk"}, "model": "diplomat.isolanguage", "pk": 239}, {"fields": {"alpha2": "ku", "slug": "kurdish", "terminology": "kur", "bibliographic": "kur", "name": "Kurdish"}, "model": "diplomat.isolanguage", "pk": 240}, {"fields": {"alpha2": null, "slug": "kutenai", "terminology": "kut", "bibliographic": "kut", "name": "Kutenai"}, "model": "diplomat.isolanguage", "pk": 241}, {"fields": {"alpha2": null, "slug": "ladino", "terminology": "lad", "bibliographic": "lad", "name": "Ladino"}, "model": "diplomat.isolanguage", "pk": 242}, {"fields": {"alpha2": null, "slug": "lahnda", "terminology": "lah", "bibliographic": "lah", "name": "Lahnda"}, "model": "diplomat.isolanguage", "pk": 243}, {"fields": {"alpha2": null, "slug": "lamba", "terminology": "lam", "bibliographic": "lam", "name": "Lamba"}, "model": "diplomat.isolanguage", "pk": 244}, {"fields": {"alpha2": "lo", "slug": "lao", "terminology": "lao", "bibliographic": "lao", "name": "Lao"}, "model": "diplomat.isolanguage", "pk": 245}, {"fields": {"alpha2": "la", "slug": "latin", "terminology": "lat", "bibliographic": "lat", "name": "Latin"}, "model": "diplomat.isolanguage", "pk": 246}, {"fields": {"alpha2": "lv", "slug": "latvian", "terminology": "lav", "bibliographic": "lav", "name": "Latvian"}, "model": "diplomat.isolanguage", "pk": 247}, {"fields": {"alpha2": null, "slug": "lezghian", "terminology": "lez", "bibliographic": "lez", "name": "Lezghian"}, "model": "diplomat.isolanguage", "pk": 248}, {"fields": {"alpha2": "li", "slug": "limburgan-limburger-limburgish", "terminology": "lim", "bibliographic": "lim", "name": "Limburgan; Limburger; Limburgish"}, "model": "diplomat.isolanguage", "pk": 249}, {"fields": {"alpha2": "ln", "slug": "lingala", "terminology": "lin", "bibliographic": "lin", "name": "Lingala"}, "model": "diplomat.isolanguage", "pk": 250}, {"fields": {"alpha2": "lt", "slug": "lithuanian", "terminology": "lit", "bibliographic": "lit", "name": "Lithuanian"}, "model": "diplomat.isolanguage", "pk": 251}, {"fields": {"alpha2": null, "slug": "mongo", "terminology": "lol", "bibliographic": "lol", "name": "Mongo"}, "model": "diplomat.isolanguage", "pk": 252}, {"fields": {"alpha2": null, "slug": "lozi", "terminology": "loz", "bibliographic": "loz", "name": "Lozi"}, "model": "diplomat.isolanguage", "pk": 253}, {"fields": {"alpha2": "lb", "slug": "luxembourgish-letzeburgesch", "terminology": "ltz", "bibliographic": "ltz", "name": "Luxembourgish; Letzeburgesch"}, "model": "diplomat.isolanguage", "pk": 254}, {"fields": {"alpha2": null, "slug": "luba-lulua", "terminology": "lua", "bibliographic": "lua", "name": "Luba-Lulua"}, "model": "diplomat.isolanguage", "pk": 255}, {"fields": {"alpha2": "lu", "slug": "luba-katanga", "terminology": "lub", "bibliographic": "lub", "name": "Luba-Katanga"}, "model": "diplomat.isolanguage", "pk": 256}, {"fields": {"alpha2": "lg", "slug": "ganda", "terminology": "lug", "bibliographic": "lug", "name": "Ganda"}, "model": "diplomat.isolanguage", "pk": 257}, {"fields": {"alpha2": null, "slug": "luiseno", "terminology": "lui", "bibliographic": "lui", "name": "Luiseno"}, "model": "diplomat.isolanguage", "pk": 258}, {"fields": {"alpha2": null, "slug": "lunda", "terminology": "lun", "bibliographic": "lun", "name": "Lunda"}, "model": "diplomat.isolanguage", "pk": 259}, {"fields": {"alpha2": null, "slug": "luo-kenya-and-tanzania", "terminology": "luo", "bibliographic": "luo", "name": "Luo (Kenya and Tanzania)"}, "model": "diplomat.isolanguage", "pk": 260}, {"fields": {"alpha2": null, "slug": "lushai", "terminology": "lus", "bibliographic": "lus", "name": "Lushai"}, "model": "diplomat.isolanguage", "pk": 261}, {"fields": {"alpha2": "mk", "slug": "macedonian", "terminology": "mkd", "bibliographic": "mac", "name": "Macedonian"}, "model": "diplomat.isolanguage", "pk": 262}, {"fields": {"alpha2": null, "slug": "madurese", "terminology": "mad", "bibliographic": "mad", "name": "Madurese"}, "model": "diplomat.isolanguage", "pk": 263}, {"fields": {"alpha2": null, "slug": "magahi", "terminology": "mag", "bibliographic": "mag", "name": "Magahi"}, "model": "diplomat.isolanguage", "pk": 264}, {"fields": {"alpha2": "mh", "slug": "marshallese", "terminology": "mah", "bibliographic": "mah", "name": "Marshallese"}, "model": "diplomat.isolanguage", "pk": 265}, {"fields": {"alpha2": null, "slug": "maithili", "terminology": "mai", "bibliographic": "mai", "name": "Maithili"}, "model": "diplomat.isolanguage", "pk": 266}, {"fields": {"alpha2": null, "slug": "makasar", "terminology": "mak", "bibliographic": "mak", "name": "Makasar"}, "model": "diplomat.isolanguage", "pk": 267}, {"fields": {"alpha2": "ml", "slug": "malayalam", "terminology": "mal", "bibliographic": "mal", "name": "Malayalam"}, "model": "diplomat.isolanguage", "pk": 268}, {"fields": {"alpha2": null, "slug": "mandingo", "terminology": "man", "bibliographic": "man", "name": "Mandingo"}, "model": "diplomat.isolanguage", "pk": 269}, {"fields": {"alpha2": "mi", "slug": "maori", "terminology": "mri", "bibliographic": "mao", "name": "Maori"}, "model": "diplomat.isolanguage", "pk": 270}, {"fields": {"alpha2": null, "slug": "austronesian-languages", "terminology": "map", "bibliographic": "map", "name": "Austronesian languages"}, "model": "diplomat.isolanguage", "pk": 271}, {"fields": {"alpha2": "mr", "slug": "marathi", "terminology": "mar", "bibliographic": "mar", "name": "Marathi"}, "model": "diplomat.isolanguage", "pk": 272}, {"fields": {"alpha2": null, "slug": "masai", "terminology": "mas", "bibliographic": "mas", "name": "Masai"}, "model": "diplomat.isolanguage", "pk": 273}, {"fields": {"alpha2": "ms", "slug": "malay", "terminology": "msa", "bibliographic": "may", "name": "Malay"}, "model": "diplomat.isolanguage", "pk": 274}, {"fields": {"alpha2": null, "slug": "moksha", "terminology": "mdf", "bibliographic": "mdf", "name": "Moksha"}, "model": "diplomat.isolanguage", "pk": 275}, {"fields": {"alpha2": null, "slug": "mandar", "terminology": "mdr", "bibliographic": "mdr", "name": "Mandar"}, "model": "diplomat.isolanguage", "pk": 276}, {"fields": {"alpha2": null, "slug": "mende", "terminology": "men", "bibliographic": "men", "name": "Mende"}, "model": "diplomat.isolanguage", "pk": 277}, {"fields": {"alpha2": null, "slug": "irish-middle-900-1200", "terminology": "mga", "bibliographic": "mga", "name": "Irish, Middle (900-1200)"}, "model": "diplomat.isolanguage", "pk": 278}, {"fields": {"alpha2": null, "slug": "mikmaq-micmac", "terminology": "mic", "bibliographic": "mic", "name": "Mi'kmaq; Micmac"}, "model": "diplomat.isolanguage", "pk": 279}, {"fields": {"alpha2": null, "slug": "minangkabau", "terminology": "min", "bibliographic": "min", "name": "Minangkabau"}, "model": "diplomat.isolanguage", "pk": 280}, {"fields": {"alpha2": null, "slug": "uncoded-languages", "terminology": "mis", "bibliographic": "mis", "name": "Uncoded languages"}, "model": "diplomat.isolanguage", "pk": 281}, {"fields": {"alpha2": null, "slug": "mon-khmer-languages", "terminology": "mkh", "bibliographic": "mkh", "name": "Mon-Khmer languages"}, "model": "diplomat.isolanguage", "pk": 282}, {"fields": {"alpha2": "mg", "slug": "malagasy", "terminology": "mlg", "bibliographic": "mlg", "name": "Malagasy"}, "model": "diplomat.isolanguage", "pk": 283}, {"fields": {"alpha2": "mt", "slug": "maltese", "terminology": "mlt", "bibliographic": "mlt", "name": "Maltese"}, "model": "diplomat.isolanguage", "pk": 284}, {"fields": {"alpha2": null, "slug": "manchu", "terminology": "mnc", "bibliographic": "mnc", "name": "Manchu"}, "model": "diplomat.isolanguage", "pk": 285}, {"fields": {"alpha2": null, "slug": "manipuri", "terminology": "mni", "bibliographic": "mni", "name": "Manipuri"}, "model": "diplomat.isolanguage", "pk": 286}, {"fields": {"alpha2": null, "slug": "manobo-languages", "terminology": "mno", "bibliographic": "mno", "name": "Manobo languages"}, "model": "diplomat.isolanguage", "pk": 287}, {"fields": {"alpha2": null, "slug": "mohawk", "terminology": "moh", "bibliographic": "moh", "name": "Mohawk"}, "model": "diplomat.isolanguage", "pk": 288}, {"fields": {"alpha2": "mo", "slug": "moldavian-moldovan", "terminology": "mol", "bibliographic": "mol", "name": "Moldavian; Moldovan"}, "model": "diplomat.isolanguage", "pk": 289}, {"fields": {"alpha2": "mn", "slug": "mongolian", "terminology": "mon", "bibliographic": "mon", "name": "Mongolian"}, "model": "diplomat.isolanguage", "pk": 290}, {"fields": {"alpha2": null, "slug": "mossi", "terminology": "mos", "bibliographic": "mos", "name": "Mossi"}, "model": "diplomat.isolanguage", "pk": 291}, {"fields": {"alpha2": null, "slug": "multiple-languages", "terminology": "mul", "bibliographic": "mul", "name": "Multiple languages"}, "model": "diplomat.isolanguage", "pk": 292}, {"fields": {"alpha2": null, "slug": "munda-languages", "terminology": "mun", "bibliographic": "mun", "name": "Munda languages"}, "model": "diplomat.isolanguage", "pk": 293}, {"fields": {"alpha2": null, "slug": "creek", "terminology": "mus", "bibliographic": "mus", "name": "Creek"}, "model": "diplomat.isolanguage", "pk": 294}, {"fields": {"alpha2": null, "slug": "mirandese", "terminology": "mwl", "bibliographic": "mwl", "name": "Mirandese"}, "model": "diplomat.isolanguage", "pk": 295}, {"fields": {"alpha2": null, "slug": "marwari", "terminology": "mwr", "bibliographic": "mwr", "name": "Marwari"}, "model": "diplomat.isolanguage", "pk": 296}, {"fields": {"alpha2": null, "slug": "mayan-languages", "terminology": "myn", "bibliographic": "myn", "name": "Mayan languages"}, "model": "diplomat.isolanguage", "pk": 297}, {"fields": {"alpha2": null, "slug": "erzya", "terminology": "myv", "bibliographic": "myv", "name": "Erzya"}, "model": "diplomat.isolanguage", "pk": 298}, {"fields": {"alpha2": null, "slug": "nahuatl-languages", "terminology": "nah", "bibliographic": "nah", "name": "Nahuatl languages"}, "model": "diplomat.isolanguage", "pk": 299}, {"fields": {"alpha2": null, "slug": "north-american-indian-languages", "terminology": "nai", "bibliographic": "nai", "name": "North American Indian languages"}, "model": "diplomat.isolanguage", "pk": 300}, {"fields": {"alpha2": null, "slug": "neapolitan", "terminology": "nap", "bibliographic": "nap", "name": "Neapolitan"}, "model": "diplomat.isolanguage", "pk": 301}, {"fields": {"alpha2": "na", "slug": "nauru", "terminology": "nau", "bibliographic": "nau", "name": "Nauru"}, "model": "diplomat.isolanguage", "pk": 302}, {"fields": {"alpha2": "nv", "slug": "navajo-navaho", "terminology": "nav", "bibliographic": "nav", "name": "Navajo; Navaho"}, "model": "diplomat.isolanguage", "pk": 303}, {"fields": {"alpha2": "nr", "slug": "ndebele-south-south-ndebele", "terminology": "nbl", "bibliographic": "nbl", "name": "Ndebele, South; South Ndebele"}, "model": "diplomat.isolanguage", "pk": 304}, {"fields": {"alpha2": "nd", "slug": "ndebele-north-north-ndebele", "terminology": "nde", "bibliographic": "nde", "name": "Ndebele, North; North Ndebele"}, "model": "diplomat.isolanguage", "pk": 305}, {"fields": {"alpha2": "ng", "slug": "ndonga", "terminology": "ndo", "bibliographic": "ndo", "name": "Ndonga"}, "model": "diplomat.isolanguage", "pk": 306}, {"fields": {"alpha2": null, "slug": "low-german-low-saxon-german-low-saxon-low", "terminology": "nds", "bibliographic": "nds", "name": "Low German; Low Saxon; German, Low; Saxon, Low"}, "model": "diplomat.isolanguage", "pk": 307}, {"fields": {"alpha2": "ne", "slug": "nepali", "terminology": "nep", "bibliographic": "nep", "name": "Nepali"}, "model": "diplomat.isolanguage", "pk": 308}, {"fields": {"alpha2": null, "slug": "nepal-bhasa-newari", "terminology": "new", "bibliographic": "new", "name": "Nepal Bhasa; Newari"}, "model": "diplomat.isolanguage", "pk": 309}, {"fields": {"alpha2": null, "slug": "nias", "terminology": "nia", "bibliographic": "nia", "name": "Nias"}, "model": "diplomat.isolanguage", "pk": 310}, {"fields": {"alpha2": null, "slug": "niger-kordofanian-languages", "terminology": "nic", "bibliographic": "nic", "name": "Niger-Kordofanian languages"}, "model": "diplomat.isolanguage", "pk": 311}, {"fields": {"alpha2": null, "slug": "niuean", "terminology": "niu", "bibliographic": "niu", "name": "Niuean"}, "model": "diplomat.isolanguage", "pk": 312}, {"fields": {"alpha2": "nn", "slug": "norwegian-nynorsk-nynorsk-norwegian", "terminology": "nno", "bibliographic": "nno", "name": "Norwegian Nynorsk; Nynorsk, Norwegian"}, "model": "diplomat.isolanguage", "pk": 313}, {"fields": {"alpha2": "nb", "slug": "bokmal-norwegian-norwegian-bokmal", "terminology": "nob", "bibliographic": "nob", "name": "Bokm\u00e5l, Norwegian; Norwegian Bokm\u00e5l"}, "model": "diplomat.isolanguage", "pk": 314}, {"fields": {"alpha2": null, "slug": "nogai", "terminology": "nog", "bibliographic": "nog", "name": "Nogai"}, "model": "diplomat.isolanguage", "pk": 315}, {"fields": {"alpha2": null, "slug": "norse-old", "terminology": "non", "bibliographic": "non", "name": "Norse, Old"}, "model": "diplomat.isolanguage", "pk": 316}, {"fields": {"alpha2": "no", "slug": "norwegian", "terminology": "nor", "bibliographic": "nor", "name": "Norwegian"}, "model": "diplomat.isolanguage", "pk": 317}, {"fields": {"alpha2": null, "slug": "nko", "terminology": "nqo", "bibliographic": "nqo", "name": "N'Ko"}, "model": "diplomat.isolanguage", "pk": 318}, {"fields": {"alpha2": null, "slug": "pedi-sepedi-northern-sotho", "terminology": "nso", "bibliographic": "nso", "name": "Pedi; Sepedi; Northern Sotho"}, "model": "diplomat.isolanguage", "pk": 319}, {"fields": {"alpha2": null, "slug": "nubian-languages", "terminology": "nub", "bibliographic": "nub", "name": "Nubian languages"}, "model": "diplomat.isolanguage", "pk": 320}, {"fields": {"alpha2": null, "slug": "classical-newari-old-newari-classical-nepal-bhasa", "terminology": "nwc", "bibliographic": "nwc", "name": "Classical Newari; Old Newari; Classical Nepal Bhasa"}, "model": "diplomat.isolanguage", "pk": 321}, {"fields": {"alpha2": "ny", "slug": "chichewa-chewa-nyanja", "terminology": "nya", "bibliographic": "nya", "name": "Chichewa; Chewa; Nyanja"}, "model": "diplomat.isolanguage", "pk": 322}, {"fields": {"alpha2": null, "slug": "nyamwezi", "terminology": "nym", "bibliographic": "nym", "name": "Nyamwezi"}, "model": "diplomat.isolanguage", "pk": 323}, {"fields": {"alpha2": null, "slug": "nyankole", "terminology": "nyn", "bibliographic": "nyn", "name": "Nyankole"}, "model": "diplomat.isolanguage", "pk": 324}, {"fields": {"alpha2": null, "slug": "nyoro", "terminology": "nyo", "bibliographic": "nyo", "name": "Nyoro"}, "model": "diplomat.isolanguage", "pk": 325}, {"fields": {"alpha2": null, "slug": "nzima", "terminology": "nzi", "bibliographic": "nzi", "name": "Nzima"}, "model": "diplomat.isolanguage", "pk": 326}, {"fields": {"alpha2": "oc", "slug": "occitan-post-1500", "terminology": "oci", "bibliographic": "oci", "name": "Occitan (post 1500)"}, "model": "diplomat.isolanguage", "pk": 327}, {"fields": {"alpha2": "oj", "slug": "ojibwa", "terminology": "oji", "bibliographic": "oji", "name": "Ojibwa"}, "model": "diplomat.isolanguage", "pk": 328}, {"fields": {"alpha2": "or", "slug": "oriya", "terminology": "ori", "bibliographic": "ori", "name": "Oriya"}, "model": "diplomat.isolanguage", "pk": 329}, {"fields": {"alpha2": "om", "slug": "oromo", "terminology": "orm", "bibliographic": "orm", "name": "Oromo"}, "model": "diplomat.isolanguage", "pk": 330}, {"fields": {"alpha2": null, "slug": "osage", "terminology": "osa", "bibliographic": "osa", "name": "Osage"}, "model": "diplomat.isolanguage", "pk": 331}, {"fields": {"alpha2": "os", "slug": "ossetian-ossetic", "terminology": "oss", "bibliographic": "oss", "name": "Ossetian; Ossetic"}, "model": "diplomat.isolanguage", "pk": 332}, {"fields": {"alpha2": null, "slug": "turkish-ottoman-1500-1928", "terminology": "ota", "bibliographic": "ota", "name": "Turkish, Ottoman (1500-1928)"}, "model": "diplomat.isolanguage", "pk": 333}, {"fields": {"alpha2": null, "slug": "otomian-languages", "terminology": "oto", "bibliographic": "oto", "name": "Otomian languages"}, "model": "diplomat.isolanguage", "pk": 334}, {"fields": {"alpha2": null, "slug": "papuan-languages", "terminology": "paa", "bibliographic": "paa", "name": "Papuan languages"}, "model": "diplomat.isolanguage", "pk": 335}, {"fields": {"alpha2": null, "slug": "pangasinan", "terminology": "pag", "bibliographic": "pag", "name": "Pangasinan"}, "model": "diplomat.isolanguage", "pk": 336}, {"fields": {"alpha2": null, "slug": "pahlavi", "terminology": "pal", "bibliographic": "pal", "name": "Pahlavi"}, "model": "diplomat.isolanguage", "pk": 337}, {"fields": {"alpha2": null, "slug": "pampanga-kapampangan", "terminology": "pam", "bibliographic": "pam", "name": "Pampanga; Kapampangan"}, "model": "diplomat.isolanguage", "pk": 338}, {"fields": {"alpha2": "pa", "slug": "panjabi-punjabi", "terminology": "pan", "bibliographic": "pan", "name": "Panjabi; Punjabi"}, "model": "diplomat.isolanguage", "pk": 339}, {"fields": {"alpha2": null, "slug": "papiamento", "terminology": "pap", "bibliographic": "pap", "name": "Papiamento"}, "model": "diplomat.isolanguage", "pk": 340}, {"fields": {"alpha2": null, "slug": "palauan", "terminology": "pau", "bibliographic": "pau", "name": "Palauan"}, "model": "diplomat.isolanguage", "pk": 341}, {"fields": {"alpha2": null, "slug": "persian-old-ca-600-400-bc", "terminology": "peo", "bibliographic": "peo", "name": "Persian, Old (ca. 600-400 B.C.)"}, "model": "diplomat.isolanguage", "pk": 342}, {"fields": {"alpha2": "fa", "slug": "persian", "terminology": "fas", "bibliographic": "per", "name": "Persian"}, "model": "diplomat.isolanguage", "pk": 343}, {"fields": {"alpha2": null, "slug": "philippine-languages", "terminology": "phi", "bibliographic": "phi", "name": "Philippine languages"}, "model": "diplomat.isolanguage", "pk": 344}, {"fields": {"alpha2": null, "slug": "phoenician", "terminology": "phn", "bibliographic": "phn", "name": "Phoenician"}, "model": "diplomat.isolanguage", "pk": 345}, {"fields": {"alpha2": "pi", "slug": "pali", "terminology": "pli", "bibliographic": "pli", "name": "Pali"}, "model": "diplomat.isolanguage", "pk": 346}, {"fields": {"alpha2": "pl", "slug": "polish", "terminology": "pol", "bibliographic": "pol", "name": "Polish"}, "model": "diplomat.isolanguage", "pk": 347}, {"fields": {"alpha2": null, "slug": "pohnpeian", "terminology": "pon", "bibliographic": "pon", "name": "Pohnpeian"}, "model": "diplomat.isolanguage", "pk": 348}, {"fields": {"alpha2": "pt", "slug": "portuguese", "terminology": "por", "bibliographic": "por", "name": "Portuguese"}, "model": "diplomat.isolanguage", "pk": 349}, {"fields": {"alpha2": null, "slug": "prakrit-languages", "terminology": "pra", "bibliographic": "pra", "name": "Prakrit languages"}, "model": "diplomat.isolanguage", "pk": 350}, {"fields": {"alpha2": null, "slug": "provencal-old-to-1500-occitan-old-to-1500", "terminology": "pro", "bibliographic": "pro", "name": "Proven\u00e7al, Old (to 1500); Occitan, Old (to 1500)"}, "model": "diplomat.isolanguage", "pk": 351}, {"fields": {"alpha2": "ps", "slug": "pushto-pashto", "terminology": "pus", "bibliographic": "pus", "name": "Pushto; Pashto"}, "model": "diplomat.isolanguage", "pk": 352}, {"fields": {"alpha2": null, "slug": "reserved-for-local-use", "terminology": "qaa-qtz", "bibliographic": "qaa-qtz", "name": "Reserved for local use"}, "model": "diplomat.isolanguage", "pk": 353}, {"fields": {"alpha2": "qu", "slug": "quechua", "terminology": "que", "bibliographic": "que", "name": "Quechua"}, "model": "diplomat.isolanguage", "pk": 354}, {"fields": {"alpha2": null, "slug": "rajasthani", "terminology": "raj", "bibliographic": "raj", "name": "Rajasthani"}, "model": "diplomat.isolanguage", "pk": 355}, {"fields": {"alpha2": null, "slug": "rapanui", "terminology": "rap", "bibliographic": "rap", "name": "Rapanui"}, "model": "diplomat.isolanguage", "pk": 356}, {"fields": {"alpha2": null, "slug": "rarotongan-cook-islands-maori", "terminology": "rar", "bibliographic": "rar", "name": "Rarotongan; Cook Islands Maori"}, "model": "diplomat.isolanguage", "pk": 357}, {"fields": {"alpha2": null, "slug": "romance-languages", "terminology": "roa", "bibliographic": "roa", "name": "Romance languages"}, "model": "diplomat.isolanguage", "pk": 358}, {"fields": {"alpha2": "rm", "slug": "romansh", "terminology": "roh", "bibliographic": "roh", "name": "Romansh"}, "model": "diplomat.isolanguage", "pk": 359}, {"fields": {"alpha2": null, "slug": "romany", "terminology": "rom", "bibliographic": "rom", "name": "Romany"}, "model": "diplomat.isolanguage", "pk": 360}, {"fields": {"alpha2": "ro", "slug": "romanian", "terminology": "ron", "bibliographic": "rum", "name": "Romanian"}, "model": "diplomat.isolanguage", "pk": 361}, {"fields": {"alpha2": "rn", "slug": "rundi", "terminology": "run", "bibliographic": "run", "name": "Rundi"}, "model": "diplomat.isolanguage", "pk": 362}, {"fields": {"alpha2": null, "slug": "aromanian-arumanian-macedo-romanian", "terminology": "rup", "bibliographic": "rup", "name": "Aromanian; Arumanian; Macedo-Romanian"}, "model": "diplomat.isolanguage", "pk": 363}, {"fields": {"alpha2": "ru", "slug": "russian", "terminology": "rus", "bibliographic": "rus", "name": "Russian"}, "model": "diplomat.isolanguage", "pk": 364}, {"fields": {"alpha2": null, "slug": "sandawe", "terminology": "sad", "bibliographic": "sad", "name": "Sandawe"}, "model": "diplomat.isolanguage", "pk": 365}, {"fields": {"alpha2": "sg", "slug": "sango", "terminology": "sag", "bibliographic": "sag", "name": "Sango"}, "model": "diplomat.isolanguage", "pk": 366}, {"fields": {"alpha2": null, "slug": "yakut", "terminology": "sah", "bibliographic": "sah", "name": "Yakut"}, "model": "diplomat.isolanguage", "pk": 367}, {"fields": {"alpha2": null, "slug": "south-american-indian-languages", "terminology": "sai", "bibliographic": "sai", "name": "South American Indian languages"}, "model": "diplomat.isolanguage", "pk": 368}, {"fields": {"alpha2": null, "slug": "salishan-languages", "terminology": "sal", "bibliographic": "sal", "name": "Salishan languages"}, "model": "diplomat.isolanguage", "pk": 369}, {"fields": {"alpha2": null, "slug": "samaritan-aramaic", "terminology": "sam", "bibliographic": "sam", "name": "Samaritan Aramaic"}, "model": "diplomat.isolanguage", "pk": 370}, {"fields": {"alpha2": "sa", "slug": "sanskrit", "terminology": "san", "bibliographic": "san", "name": "Sanskrit"}, "model": "diplomat.isolanguage", "pk": 371}, {"fields": {"alpha2": null, "slug": "sasak", "terminology": "sas", "bibliographic": "sas", "name": "Sasak"}, "model": "diplomat.isolanguage", "pk": 372}, {"fields": {"alpha2": null, "slug": "santali", "terminology": "sat", "bibliographic": "sat", "name": "Santali"}, "model": "diplomat.isolanguage", "pk": 373}, {"fields": {"alpha2": null, "slug": "sicilian", "terminology": "scn", "bibliographic": "scn", "name": "Sicilian"}, "model": "diplomat.isolanguage", "pk": 374}, {"fields": {"alpha2": null, "slug": "scots", "terminology": "sco", "bibliographic": "sco", "name": "Scots"}, "model": "diplomat.isolanguage", "pk": 375}, {"fields": {"alpha2": null, "slug": "selkup", "terminology": "sel", "bibliographic": "sel", "name": "Selkup"}, "model": "diplomat.isolanguage", "pk": 376}, {"fields": {"alpha2": null, "slug": "semitic-languages", "terminology": "sem", "bibliographic": "sem", "name": "Semitic languages"}, "model": "diplomat.isolanguage", "pk": 377}, {"fields": {"alpha2": null, "slug": "irish-old-to-900", "terminology": "sga", "bibliographic": "sga", "name": "Irish, Old (to 900)"}, "model": "diplomat.isolanguage", "pk": 378}, {"fields": {"alpha2": null, "slug": "sign-languages", "terminology": "sgn", "bibliographic": "sgn", "name": "Sign Languages"}, "model": "diplomat.isolanguage", "pk": 379}, {"fields": {"alpha2": null, "slug": "shan", "terminology": "shn", "bibliographic": "shn", "name": "Shan"}, "model": "diplomat.isolanguage", "pk": 380}, {"fields": {"alpha2": null, "slug": "sidamo", "terminology": "sid", "bibliographic": "sid", "name": "Sidamo"}, "model": "diplomat.isolanguage", "pk": 381}, {"fields": {"alpha2": "si", "slug": "sinhala-sinhalese", "terminology": "sin", "bibliographic": "sin", "name": "Sinhala; Sinhalese"}, "model": "diplomat.isolanguage", "pk": 382}, {"fields": {"alpha2": null, "slug": "siouan-languages", "terminology": "sio", "bibliographic": "sio", "name": "Siouan languages"}, "model": "diplomat.isolanguage", "pk": 383}, {"fields": {"alpha2": null, "slug": "sino-tibetan-languages", "terminology": "sit", "bibliographic": "sit", "name": "Sino-Tibetan languages"}, "model": "diplomat.isolanguage", "pk": 384}, {"fields": {"alpha2": null, "slug": "slavic-languages", "terminology": "sla", "bibliographic": "sla", "name": "Slavic languages"}, "model": "diplomat.isolanguage", "pk": 385}, {"fields": {"alpha2": "sk", "slug": "slovak", "terminology": "slk", "bibliographic": "slo", "name": "Slovak"}, "model": "diplomat.isolanguage", "pk": 386}, {"fields": {"alpha2": "sl", "slug": "slovenian", "terminology": "slv", "bibliographic": "slv", "name": "Slovenian"}, "model": "diplomat.isolanguage", "pk": 387}, {"fields": {"alpha2": null, "slug": "southern-sami", "terminology": "sma", "bibliographic": "sma", "name": "Southern Sami"}, "model": "diplomat.isolanguage", "pk": 388}, {"fields": {"alpha2": "se", "slug": "northern-sami", "terminology": "sme", "bibliographic": "sme", "name": "Northern Sami"}, "model": "diplomat.isolanguage", "pk": 389}, {"fields": {"alpha2": null, "slug": "sami-languages", "terminology": "smi", "bibliographic": "smi", "name": "Sami languages"}, "model": "diplomat.isolanguage", "pk": 390}, {"fields": {"alpha2": null, "slug": "lule-sami", "terminology": "smj", "bibliographic": "smj", "name": "Lule Sami"}, "model": "diplomat.isolanguage", "pk": 391}, {"fields": {"alpha2": null, "slug": "inari-sami", "terminology": "smn", "bibliographic": "smn", "name": "Inari Sami"}, "model": "diplomat.isolanguage", "pk": 392}, {"fields": {"alpha2": "sm", "slug": "samoan", "terminology": "smo", "bibliographic": "smo", "name": "Samoan"}, "model": "diplomat.isolanguage", "pk": 393}, {"fields": {"alpha2": null, "slug": "skolt-sami", "terminology": "sms", "bibliographic": "sms", "name": "Skolt Sami"}, "model": "diplomat.isolanguage", "pk": 394}, {"fields": {"alpha2": "sn", "slug": "shona", "terminology": "sna", "bibliographic": "sna", "name": "Shona"}, "model": "diplomat.isolanguage", "pk": 395}, {"fields": {"alpha2": "sd", "slug": "sindhi", "terminology": "snd", "bibliographic": "snd", "name": "Sindhi"}, "model": "diplomat.isolanguage", "pk": 396}, {"fields": {"alpha2": null, "slug": "soninke", "terminology": "snk", "bibliographic": "snk", "name": "Soninke"}, "model": "diplomat.isolanguage", "pk": 397}, {"fields": {"alpha2": null, "slug": "sogdian", "terminology": "sog", "bibliographic": "sog", "name": "Sogdian"}, "model": "diplomat.isolanguage", "pk": 398}, {"fields": {"alpha2": "so", "slug": "somali", "terminology": "som", "bibliographic": "som", "name": "Somali"}, "model": "diplomat.isolanguage", "pk": 399}, {"fields": {"alpha2": null, "slug": "songhai-languages", "terminology": "son", "bibliographic": "son", "name": "Songhai languages"}, "model": "diplomat.isolanguage", "pk": 400}, {"fields": {"alpha2": "st", "slug": "sotho-southern", "terminology": "sot", "bibliographic": "sot", "name": "Sotho, Southern"}, "model": "diplomat.isolanguage", "pk": 401}, {"fields": {"alpha2": "es", "slug": "spanish-castilian", "terminology": "spa", "bibliographic": "spa", "name": "Spanish; Castilian"}, "model": "diplomat.isolanguage", "pk": 402}, {"fields": {"alpha2": "sc", "slug": "sardinian", "terminology": "srd", "bibliographic": "srd", "name": "Sardinian"}, "model": "diplomat.isolanguage", "pk": 403}, {"fields": {"alpha2": null, "slug": "sranan-tongo", "terminology": "srn", "bibliographic": "srn", "name": "Sranan Tongo"}, "model": "diplomat.isolanguage", "pk": 404}, {"fields": {"alpha2": "sr", "slug": "serbian", "terminology": "srp", "bibliographic": "srp", "name": "Serbian"}, "model": "diplomat.isolanguage", "pk": 405}, {"fields": {"alpha2": null, "slug": "serer", "terminology": "srr", "bibliographic": "srr", "name": "Serer"}, "model": "diplomat.isolanguage", "pk": 406}, {"fields": {"alpha2": null, "slug": "nilo-saharan-languages", "terminology": "ssa", "bibliographic": "ssa", "name": "Nilo-Saharan languages"}, "model": "diplomat.isolanguage", "pk": 407}, {"fields": {"alpha2": "ss", "slug": "swati", "terminology": "ssw", "bibliographic": "ssw", "name": "Swati"}, "model": "diplomat.isolanguage", "pk": 408}, {"fields": {"alpha2": null, "slug": "sukuma", "terminology": "suk", "bibliographic": "suk", "name": "Sukuma"}, "model": "diplomat.isolanguage", "pk": 409}, {"fields": {"alpha2": "su", "slug": "sundanese", "terminology": "sun", "bibliographic": "sun", "name": "Sundanese"}, "model": "diplomat.isolanguage", "pk": 410}, {"fields": {"alpha2": null, "slug": "susu", "terminology": "sus", "bibliographic": "sus", "name": "Susu"}, "model": "diplomat.isolanguage", "pk": 411}, {"fields": {"alpha2": null, "slug": "sumerian", "terminology": "sux", "bibliographic": "sux", "name": "Sumerian"}, "model": "diplomat.isolanguage", "pk": 412}, {"fields": {"alpha2": "sw", "slug": "swahili", "terminology": "swa", "bibliographic": "swa", "name": "Swahili"}, "model": "diplomat.isolanguage", "pk": 413}, {"fields": {"alpha2": "sv", "slug": "swedish", "terminology": "swe", "bibliographic": "swe", "name": "Swedish"}, "model": "diplomat.isolanguage", "pk": 414}, {"fields": {"alpha2": null, "slug": "classical-syriac", "terminology": "syc", "bibliographic": "syc", "name": "Classical Syriac"}, "model": "diplomat.isolanguage", "pk": 415}, {"fields": {"alpha2": null, "slug": "syriac", "terminology": "syr", "bibliographic": "syr", "name": "Syriac"}, "model": "diplomat.isolanguage", "pk": 416}, {"fields": {"alpha2": "ty", "slug": "tahitian", "terminology": "tah", "bibliographic": "tah", "name": "Tahitian"}, "model": "diplomat.isolanguage", "pk": 417}, {"fields": {"alpha2": null, "slug": "tai-languages", "terminology": "tai", "bibliographic": "tai", "name": "Tai languages"}, "model": "diplomat.isolanguage", "pk": 418}, {"fields": {"alpha2": "ta", "slug": "tamil", "terminology": "tam", "bibliographic": "tam", "name": "Tamil"}, "model": "diplomat.isolanguage", "pk": 419}, {"fields": {"alpha2": "tt", "slug": "tatar", "terminology": "tat", "bibliographic": "tat", "name": "Tatar"}, "model": "diplomat.isolanguage", "pk": 420}, {"fields": {"alpha2": "te", "slug": "telugu", "terminology": "tel", "bibliographic": "tel", "name": "Telugu"}, "model": "diplomat.isolanguage", "pk": 421}, {"fields": {"alpha2": null, "slug": "timne", "terminology": "tem", "bibliographic": "tem", "name": "Timne"}, "model": "diplomat.isolanguage", "pk": 422}, {"fields": {"alpha2": null, "slug": "tereno", "terminology": "ter", "bibliographic": "ter", "name": "Tereno"}, "model": "diplomat.isolanguage", "pk": 423}, {"fields": {"alpha2": null, "slug": "tetum", "terminology": "tet", "bibliographic": "tet", "name": "Tetum"}, "model": "diplomat.isolanguage", "pk": 424}, {"fields": {"alpha2": "tg", "slug": "tajik", "terminology": "tgk", "bibliographic": "tgk", "name": "Tajik"}, "model": "diplomat.isolanguage", "pk": 425}, {"fields": {"alpha2": "tl", "slug": "tagalog", "terminology": "tgl", "bibliographic": "tgl", "name": "Tagalog"}, "model": "diplomat.isolanguage", "pk": 426}, {"fields": {"alpha2": "th", "slug": "thai", "terminology": "tha", "bibliographic": "tha", "name": "Thai"}, "model": "diplomat.isolanguage", "pk": 427}, {"fields": {"alpha2": "bo", "slug": "tibetan", "terminology": "bod", "bibliographic": "tib", "name": "Tibetan"}, "model": "diplomat.isolanguage", "pk": 428}, {"fields": {"alpha2": null, "slug": "tigre", "terminology": "tig", "bibliographic": "tig", "name": "Tigre"}, "model": "diplomat.isolanguage", "pk": 429}, {"fields": {"alpha2": "ti", "slug": "tigrinya", "terminology": "tir", "bibliographic": "tir", "name": "Tigrinya"}, "model": "diplomat.isolanguage", "pk": 430}, {"fields": {"alpha2": null, "slug": "tiv", "terminology": "tiv", "bibliographic": "tiv", "name": "Tiv"}, "model": "diplomat.isolanguage", "pk": 431}, {"fields": {"alpha2": null, "slug": "tokelau", "terminology": "tkl", "bibliographic": "tkl", "name": "Tokelau"}, "model": "diplomat.isolanguage", "pk": 432}, {"fields": {"alpha2": null, "slug": "klingon-tlhingan-hol", "terminology": "tlh", "bibliographic": "tlh", "name": "Klingon; tlhIngan-Hol"}, "model": "diplomat.isolanguage", "pk": 433}, {"fields": {"alpha2": null, "slug": "tlingit", "terminology": "tli", "bibliographic": "tli", "name": "Tlingit"}, "model": "diplomat.isolanguage", "pk": 434}, {"fields": {"alpha2": null, "slug": "tamashek", "terminology": "tmh", "bibliographic": "tmh", "name": "Tamashek"}, "model": "diplomat.isolanguage", "pk": 435}, {"fields": {"alpha2": null, "slug": "tonga-nyasa", "terminology": "tog", "bibliographic": "tog", "name": "Tonga (Nyasa)"}, "model": "diplomat.isolanguage", "pk": 436}, {"fields": {"alpha2": "to", "slug": "tonga-tonga-islands", "terminology": "ton", "bibliographic": "ton", "name": "Tonga (Tonga Islands)"}, "model": "diplomat.isolanguage", "pk": 437}, {"fields": {"alpha2": null, "slug": "tok-pisin", "terminology": "tpi", "bibliographic": "tpi", "name": "Tok Pisin"}, "model": "diplomat.isolanguage", "pk": 438}, {"fields": {"alpha2": null, "slug": "tsimshian", "terminology": "tsi", "bibliographic": "tsi", "name": "Tsimshian"}, "model": "diplomat.isolanguage", "pk": 439}, {"fields": {"alpha2": "tn", "slug": "tswana", "terminology": "tsn", "bibliographic": "tsn", "name": "Tswana"}, "model": "diplomat.isolanguage", "pk": 440}, {"fields": {"alpha2": "ts", "slug": "tsonga", "terminology": "tso", "bibliographic": "tso", "name": "Tsonga"}, "model": "diplomat.isolanguage", "pk": 441}, {"fields": {"alpha2": "tk", "slug": "turkmen", "terminology": "tuk", "bibliographic": "tuk", "name": "Turkmen"}, "model": "diplomat.isolanguage", "pk": 442}, {"fields": {"alpha2": null, "slug": "tumbuka", "terminology": "tum", "bibliographic": "tum", "name": "Tumbuka"}, "model": "diplomat.isolanguage", "pk": 443}, {"fields": {"alpha2": null, "slug": "tupi-languages", "terminology": "tup", "bibliographic": "tup", "name": "Tupi languages"}, "model": "diplomat.isolanguage", "pk": 444}, {"fields": {"alpha2": "tr", "slug": "turkish", "terminology": "tur", "bibliographic": "tur", "name": "Turkish"}, "model": "diplomat.isolanguage", "pk": 445}, {"fields": {"alpha2": null, "slug": "altaic-languages", "terminology": "tut", "bibliographic": "tut", "name": "Altaic languages"}, "model": "diplomat.isolanguage", "pk": 446}, {"fields": {"alpha2": null, "slug": "tuvalu", "terminology": "tvl", "bibliographic": "tvl", "name": "Tuvalu"}, "model": "diplomat.isolanguage", "pk": 447}, {"fields": {"alpha2": "tw", "slug": "twi", "terminology": "twi", "bibliographic": "twi", "name": "Twi"}, "model": "diplomat.isolanguage", "pk": 448}, {"fields": {"alpha2": null, "slug": "tuvinian", "terminology": "tyv", "bibliographic": "tyv", "name": "Tuvinian"}, "model": "diplomat.isolanguage", "pk": 449}, {"fields": {"alpha2": null, "slug": "udmurt", "terminology": "udm", "bibliographic": "udm", "name": "Udmurt"}, "model": "diplomat.isolanguage", "pk": 450}, {"fields": {"alpha2": null, "slug": "ugaritic", "terminology": "uga", "bibliographic": "uga", "name": "Ugaritic"}, "model": "diplomat.isolanguage", "pk": 451}, {"fields": {"alpha2": "ug", "slug": "uighur-uyghur", "terminology": "uig", "bibliographic": "uig", "name": "Uighur; Uyghur"}, "model": "diplomat.isolanguage", "pk": 452}, {"fields": {"alpha2": "uk", "slug": "ukrainian", "terminology": "ukr", "bibliographic": "ukr", "name": "Ukrainian"}, "model": "diplomat.isolanguage", "pk": 453}, {"fields": {"alpha2": null, "slug": "umbundu", "terminology": "umb", "bibliographic": "umb", "name": "Umbundu"}, "model": "diplomat.isolanguage", "pk": 454}, {"fields": {"alpha2": null, "slug": "undetermined", "terminology": "und", "bibliographic": "und", "name": "Undetermined"}, "model": "diplomat.isolanguage", "pk": 455}, {"fields": {"alpha2": "ur", "slug": "urdu", "terminology": "urd", "bibliographic": "urd", "name": "Urdu"}, "model": "diplomat.isolanguage", "pk": 456}, {"fields": {"alpha2": "uz", "slug": "uzbek", "terminology": "uzb", "bibliographic": "uzb", "name": "Uzbek"}, "model": "diplomat.isolanguage", "pk": 457}, {"fields": {"alpha2": null, "slug": "vai", "terminology": "vai", "bibliographic": "vai", "name": "Vai"}, "model": "diplomat.isolanguage", "pk": 458}, {"fields": {"alpha2": "ve", "slug": "venda", "terminology": "ven", "bibliographic": "ven", "name": "Venda"}, "model": "diplomat.isolanguage", "pk": 459}, {"fields": {"alpha2": "vi", "slug": "vietnamese", "terminology": "vie", "bibliographic": "vie", "name": "Vietnamese"}, "model": "diplomat.isolanguage", "pk": 460}, {"fields": {"alpha2": "vo", "slug": "volapuk", "terminology": "vol", "bibliographic": "vol", "name": "Volap\u00fck"}, "model": "diplomat.isolanguage", "pk": 461}, {"fields": {"alpha2": null, "slug": "votic", "terminology": "vot", "bibliographic": "vot", "name": "Votic"}, "model": "diplomat.isolanguage", "pk": 462}, {"fields": {"alpha2": null, "slug": "wakashan-languages", "terminology": "wak", "bibliographic": "wak", "name": "Wakashan languages"}, "model": "diplomat.isolanguage", "pk": 463}, {"fields": {"alpha2": null, "slug": "wolaitta-wolaytta", "terminology": "wal", "bibliographic": "wal", "name": "Wolaitta; Wolaytta"}, "model": "diplomat.isolanguage", "pk": 464}, {"fields": {"alpha2": null, "slug": "waray", "terminology": "war", "bibliographic": "war", "name": "Waray"}, "model": "diplomat.isolanguage", "pk": 465}, {"fields": {"alpha2": null, "slug": "washo", "terminology": "was", "bibliographic": "was", "name": "Washo"}, "model": "diplomat.isolanguage", "pk": 466}, {"fields": {"alpha2": "cy", "slug": "welsh", "terminology": "cym", "bibliographic": "wel", "name": "Welsh"}, "model": "diplomat.isolanguage", "pk": 467}, {"fields": {"alpha2": null, "slug": "sorbian-languages", "terminology": "wen", "bibliographic": "wen", "name": "Sorbian languages"}, "model": "diplomat.isolanguage", "pk": 468}, {"fields": {"alpha2": "wa", "slug": "walloon", "terminology": "wln", "bibliographic": "wln", "name": "Walloon"}, "model": "diplomat.isolanguage", "pk": 469}, {"fields": {"alpha2": "wo", "slug": "wolof", "terminology": "wol", "bibliographic": "wol", "name": "Wolof"}, "model": "diplomat.isolanguage", "pk": 470}, {"fields": {"alpha2": null, "slug": "kalmyk-oirat", "terminology": "xal", "bibliographic": "xal", "name": "Kalmyk; Oirat"}, "model": "diplomat.isolanguage", "pk": 471}, {"fields": {"alpha2": "xh", "slug": "xhosa", "terminology": "xho", "bibliographic": "xho", "name": "Xhosa"}, "model": "diplomat.isolanguage", "pk": 472}, {"fields": {"alpha2": null, "slug": "yao", "terminology": "yao", "bibliographic": "yao", "name": "Yao"}, "model": "diplomat.isolanguage", "pk": 473}, {"fields": {"alpha2": null, "slug": "yapese", "terminology": "yap", "bibliographic": "yap", "name": "Yapese"}, "model": "diplomat.isolanguage", "pk": 474}, {"fields": {"alpha2": "yi", "slug": "yiddish", "terminology": "yid", "bibliographic": "yid", "name": "Yiddish"}, "model": "diplomat.isolanguage", "pk": 475}, {"fields": {"alpha2": "yo", "slug": "yoruba", "terminology": "yor", "bibliographic": "yor", "name": "Yoruba"}, "model": "diplomat.isolanguage", "pk": 476}, {"fields": {"alpha2": null, "slug": "yupik-languages", "terminology": "ypk", "bibliographic": "ypk", "name": "Yupik languages"}, "model": "diplomat.isolanguage", "pk": 477}, {"fields": {"alpha2": null, "slug": "zapotec", "terminology": "zap", "bibliographic": "zap", "name": "Zapotec"}, "model": "diplomat.isolanguage", "pk": 478}, {"fields": {"alpha2": null, "slug": "blissymbols-blissymbolics-bliss", "terminology": "zbl", "bibliographic": "zbl", "name": "Blissymbols; Blissymbolics; Bliss"}, "model": "diplomat.isolanguage", "pk": 479}, {"fields": {"alpha2": null, "slug": "zenaga", "terminology": "zen", "bibliographic": "zen", "name": "Zenaga"}, "model": "diplomat.isolanguage", "pk": 480}, {"fields": {"alpha2": "za", "slug": "zhuang-chuang", "terminology": "zha", "bibliographic": "zha", "name": "Zhuang; Chuang"}, "model": "diplomat.isolanguage", "pk": 481}, {"fields": {"alpha2": null, "slug": "zande-languages", "terminology": "znd", "bibliographic": "znd", "name": "Zande languages"}, "model": "diplomat.isolanguage", "pk": 482}, {"fields": {"alpha2": "zu", "slug": "zulu", "terminology": "zul", "bibliographic": "zul", "name": "Zulu"}, "model": "diplomat.isolanguage", "pk": 483}, {"fields": {"alpha2": null, "slug": "zuni", "terminology": "zun", "bibliographic": "zun", "name": "Zuni"}, "model": "diplomat.isolanguage", "pk": 484}, {"fields": {"alpha2": null, "slug": "no-linguistic-content-not-applicable", "terminology": "zxx", "bibliographic": "zxx", "name": "No linguistic content; Not applicable"}, "model": "diplomat.isolanguage", "pk": 485}, {"fields": {"alpha2": null, "slug": "zaza-dimili-dimli-kirdki-kirmanjki-zazaki", "terminology": "zza", "bibliographic": "zza", "name": "Zaza; Dimili; Dimli; Kirdki; Kirmanjki; Zazaki"}, "model": "diplomat.isolanguage", "pk": 486}, {"fields": {"display_order": 1, "name": "Corporate submission"}, "model": "subscriber.service", "pk": 1}, {"fields": {"display_order": 2, "name": "Submission status"}, "model": "subscriber.service", "pk": 2}, {"fields": {"display_order": 3, "name": "Data storage"}, "model": "subscriber.service", "pk": 3}, {"fields": {"display_order": 4, "name": "Add corporation to your profile"}, "model": "subscriber.service", "pk": 4}, {"fields": {"display_order": 5, "name": "Update and manage profile data"}, "model": "subscriber.service", "pk": 5}, {"fields": {"active": true, "services": [1, 2], "display_order": 1, "package_name": "STANDARED"}, "model": "subscriber.package", "pk": 1}, {"fields": {"active": true, "services": [1, 2, 3, 4], "display_order": 2, "package_name": "PREMIUM"}, "model": "subscriber.package", "pk": 2}, {"fields": {"active": true, "services": [1, 2, 3, 4, 5], "display_order": 3, "package_name": "ENTERPRISE"}, "model": "subscriber.package", "pk": 3}, {"fields": {"display_order": 1, "duration_title": "30"}, "model": "subscriber.frequency", "pk": 1}, {"fields": {"display_order": 2, "duration_title": "120"}, "model": "subscriber.frequency", "pk": 2}, {"fields": {"display_order": 3, "duration_title": "182"}, "model": "subscriber.frequency", "pk": 3}, {"fields": {"display_order": 4, "duration_title": "365"}, "model": "subscriber.frequency", "pk": 5}, {"fields": {"price": "15.50", "frequency": 1, "package": 1}, "model": "subscriber.packageplan", "pk": 1}, {"fields": {"price": "25.25", "frequency": 1, "package": 2}, "model": "subscriber.packageplan", "pk": 2}, {"fields": {"price": "35.50", "frequency": 1, "package": 3}, "model": "subscriber.packageplan", "pk": 3}, {"fields": {"price": "45.00", "frequency": 2, "package": 1}, "model": "subscriber.packageplan", "pk": 4}, {"fields": {"price": "60.00", "frequency": 2, "package": 2}, "model": "subscriber.packageplan", "pk": 5}, {"fields": {"price": "150.00", "frequency": 2, "package": 3}, "model": "subscriber.packageplan", "pk": 6}, {"fields": {"price": "75.00", "frequency": 3, "package": 1}, "model": "subscriber.packageplan", "pk": 7}, {"fields": {"price": "120.00", "frequency": 3, "package": 2}, "model": "subscriber.packageplan", "pk": 8}, {"fields": {"price": "220.00", "frequency": 3, "package": 3}, "model": "subscriber.packageplan", "pk": 9}, {"fields": {"price": "150.00", "frequency": 5, "package": 1}, "model": "subscriber.packageplan", "pk": 10}, {"fields": {"price": "250.00", "frequency": 5, "package": 2}, "model": "subscriber.packageplan", "pk": 11}, {"fields": {"price": "550.00", "frequency": 5, "package": 3}, "model": "subscriber.packageplan", "pk": 12}, {"fields": {"status": "0", "code": "123456789", "description": "This is test coupon for fixed rate discount", "discount_type": "0", "expire_date": "2015-01-31T04:59:57Z", "date_created": "2015-01-30T05:00:23.953Z", "discount_amount": "10.00"}, "model": "subscriber.couponcode", "pk": 1}, {"fields": {"status": "0", "code": "qwertyuiop", "description": "This is test coupon for percent rate discount", "discount_type": "1", "expire_date": "2015-01-31T05:00:34Z", "date_created": "2015-01-30T05:00:46.468Z", "discount_amount": "5.00"}, "model": "subscriber.couponcode", "pk": 2}, {"fields": {"codename": "add_logentry", "name": "Can add log entry", "content_type": 1}, "model": "auth.permission", "pk": 1}, {"fields": {"codename": "change_logentry", "name": "Can change log entry", "content_type": 1}, "model": "auth.permission", "pk": 2}, {"fields": {"codename": "delete_logentry", "name": "Can delete log entry", "content_type": 1}, "model": "auth.permission", "pk": 3}, {"fields": {"codename": "add_permission", "name": "Can add permission", "content_type": 2}, "model": "auth.permission", "pk": 4}, {"fields": {"codename": "change_permission", "name": "Can change permission", "content_type": 2}, "model": "auth.permission", "pk": 5}, {"fields": {"codename": "delete_permission", "name": "Can delete permission", "content_type": 2}, "model": "auth.permission", "pk": 6}, {"fields": {"codename": "add_group", "name": "Can add group", "content_type": 3}, "model": "auth.permission", "pk": 7}, {"fields": {"codename": "change_group", "name": "Can change group", "content_type": 3}, "model": "auth.permission", "pk": 8}, {"fields": {"codename": "delete_group", "name": "Can delete group", "content_type": 3}, "model": "auth.permission", "pk": 9}, {"fields": {"codename": "add_user", "name": "Can add user", "content_type": 4}, "model": "auth.permission", "pk": 10}, {"fields": {"codename": "change_user", "name": "Can change user", "content_type": 4}, "model": "auth.permission", "pk": 11}, {"fields": {"codename": "delete_user", "name": "Can delete user", "content_type": 4}, "model": "auth.permission", "pk": 12}, {"fields": {"codename": "add_contenttype", "name": "Can add content type", "content_type": 5}, "model": "auth.permission", "pk": 13}, {"fields": {"codename": "change_contenttype", "name": "Can change content type", "content_type": 5}, "model": "auth.permission", "pk": 14}, {"fields": {"codename": "delete_contenttype", "name": "Can delete content type", "content_type": 5}, "model": "auth.permission", "pk": 15}, {"fields": {"codename": "add_session", "name": "Can add session", "content_type": 6}, "model": "auth.permission", "pk": 16}, {"fields": {"codename": "change_session", "name": "Can change session", "content_type": 6}, "model": "auth.permission", "pk": 17}, {"fields": {"codename": "delete_session", "name": "Can delete session", "content_type": 6}, "model": "auth.permission", "pk": 18}, {"fields": {"codename": "add_site", "name": "Can add site", "content_type": 7}, "model": "auth.permission", "pk": 19}, {"fields": {"codename": "change_site", "name": "Can change site", "content_type": 7}, "model": "auth.permission", "pk": 20}, {"fields": {"codename": "delete_site", "name": "Can delete site", "content_type": 7}, "model": "auth.permission", "pk": 21}, {"fields": {"codename": "add_isocountry", "name": "Can add ISO 3166 country", "content_type": 8}, "model": "auth.permission", "pk": 22}, {"fields": {"codename": "change_isocountry", "name": "Can change ISO 3166 country", "content_type": 8}, "model": "auth.permission", "pk": 23}, {"fields": {"codename": "delete_isocountry", "name": "Can delete ISO 3166 country", "content_type": 8}, "model": "auth.permission", "pk": 24}, {"fields": {"codename": "add_isolanguage", "name": "Can add ISO 639 language", "content_type": 9}, "model": "auth.permission", "pk": 25}, {"fields": {"codename": "change_isolanguage", "name": "Can change ISO 639 language", "content_type": 9}, "model": "auth.permission", "pk": 26}, {"fields": {"codename": "delete_isolanguage", "name": "Can delete ISO 639 language", "content_type": 9}, "model": "auth.permission", "pk": 27}, {"fields": {"codename": "add_service", "name": "Can add service", "content_type": 10}, "model": "auth.permission", "pk": 28}, {"fields": {"codename": "change_service", "name": "Can change service", "content_type": 10}, "model": "auth.permission", "pk": 29}, {"fields": {"codename": "delete_service", "name": "Can delete service", "content_type": 10}, "model": "auth.permission", "pk": 30}, {"fields": {"codename": "add_package", "name": "Can add package", "content_type": 11}, "model": "auth.permission", "pk": 31}, {"fields": {"codename": "change_package", "name": "Can change package", "content_type": 11}, "model": "auth.permission", "pk": 32}, {"fields": {"codename": "delete_package", "name": "Can delete package", "content_type": 11}, "model": "auth.permission", "pk": 33}, {"fields": {"codename": "add_frequency", "name": "Can add frequency", "content_type": 12}, "model": "auth.permission", "pk": 34}, {"fields": {"codename": "change_frequency", "name": "Can change frequency", "content_type": 12}, "model": "auth.permission", "pk": 35}, {"fields": {"codename": "delete_frequency", "name": "Can delete frequency", "content_type": 12}, "model": "auth.permission", "pk": 36}, {"fields": {"codename": "add_packageplan", "name": "Can add package plan", "content_type": 13}, "model": "auth.permission", "pk": 37}, {"fields": {"codename": "change_packageplan", "name": "Can change package plan", "content_type": 13}, "model": "auth.permission", "pk": 38}, {"fields": {"codename": "delete_packageplan", "name": "Can delete package plan", "content_type": 13}, "model": "auth.permission", "pk": 39}, {"fields": {"codename": "add_couponcode", "name": "Can add coupon code", "content_type": 14}, "model": "auth.permission", "pk": 40}, {"fields": {"codename": "change_couponcode", "name": "Can change coupon code", "content_type": 14}, "model": "auth.permission", "pk": 41}, {"fields": {"codename": "delete_couponcode", "name": "Can delete coupon code", "content_type": 14}, "model": "auth.permission", "pk": 42}, {"fields": {"codename": "add_couponsupplier", "name": "Can add coupon supplier", "content_type": 15}, "model": "auth.permission", "pk": 43}, {"fields": {"codename": "change_couponsupplier", "name": "Can change coupon supplier", "content_type": 15}, "model": "auth.permission", "pk": 44}, {"fields": {"codename": "delete_couponsupplier", "name": "Can delete coupon supplier", "content_type": 15}, "model": "auth.permission", "pk": 45}, {"fields": {"codename": "add_subscription", "name": "Can add subscription", "content_type": 16}, "model": "auth.permission", "pk": 46}, {"fields": {"codename": "change_subscription", "name": "Can change subscription", "content_type": 16}, "model": "auth.permission", "pk": 47}, {"fields": {"codename": "delete_subscription", "name": "Can delete subscription", "content_type": 16}, "model": "auth.permission", "pk": 48}, {"fields": {"codename": "add_activationcode", "name": "Can add activation code", "content_type": 17}, "model": "auth.permission", "pk": 49}, {"fields": {"codename": "change_activationcode", "name": "Can change activation code", "content_type": 17}, "model": "auth.permission", "pk": 50}, {"fields": {"codename": "delete_activationcode", "name": "Can delete activation code", "content_type": 17}, "model": "auth.permission", "pk": 51}, {"fields": {"codename": "add_paymenthistory", "name": "Can add payment history", "content_type": 18}, "model": "auth.permission", "pk": 52}, {"fields": {"codename": "change_paymenthistory", "name": "Can change payment history", "content_type": 18}, "model": "auth.permission", "pk": 53}, {"fields": {"codename": "delete_paymenthistory", "name": "Can delete payment history", "content_type": 18}, "model": "auth.permission", "pk": 54}, {"fields": {"codename": "add_productandservicecategory", "name": "Can add product and service category", "content_type": 19}, "model": "auth.permission", "pk": 55}, {"fields": {"codename": "change_productandservicecategory", "name": "Can change product and service category", "content_type": 19}, "model": "auth.permission", "pk": 56}, {"fields": {"codename": "delete_productandservicecategory", "name": "Can delete product and service category", "content_type": 19}, "model": "auth.permission", "pk": 57}, {"fields": {"codename": "add_productservicecode", "name": "Can add product service code", "content_type": 20}, "model": "auth.permission", "pk": 58}, {"fields": {"codename": "change_productservicecode", "name": "Can change product service code", "content_type": 20}, "model": "auth.permission", "pk": 59}, {"fields": {"codename": "delete_productservicecode", "name": "Can delete product service code", "content_type": 20}, "model": "auth.permission", "pk": 60}, {"fields": {"codename": "add_buyer", "name": "Can add buyer", "content_type": 21}, "model": "auth.permission", "pk": 61}, {"fields": {"codename": "change_buyer", "name": "Can change buyer", "content_type": 21}, "model": "auth.permission", "pk": 62}, {"fields": {"codename": "delete_buyer", "name": "Can delete buyer", "content_type": 21}, "model": "auth.permission", "pk": 63}, {"fields": {"codename": "add_supplier", "name": "Can add supplier", "content_type": 22}, "model": "auth.permission", "pk": 64}, {"fields": {"codename": "change_supplier", "name": "Can change supplier", "content_type": 22}, "model": "auth.permission", "pk": 65}, {"fields": {"codename": "delete_supplier", "name": "Can delete supplier", "content_type": 22}, "model": "auth.permission", "pk": 66}, {"fields": {"codename": "add_suppliercompany", "name": "Can add supplier company", "content_type": 23}, "model": "auth.permission", "pk": 67}, {"fields": {"codename": "change_suppliercompany", "name": "Can change supplier company", "content_type": 23}, "model": "auth.permission", "pk": 68}, {"fields": {"codename": "delete_suppliercompany", "name": "Can delete supplier company", "content_type": 23}, "model": "auth.permission", "pk": 69}, {"fields": {"codename": "add_companycapabilitystatement", "name": "Can add company capability statement", "content_type": 24}, "model": "auth.permission", "pk": 70}, {"fields": {"codename": "change_companycapabilitystatement", "name": "Can change company capability statement", "content_type": 24}, "model": "auth.permission", "pk": 71}, {"fields": {"codename": "delete_companycapabilitystatement", "name": "Can delete company capability statement", "content_type": 24}, "model": "auth.permission", "pk": 72}, {"fields": {"codename": "add_section", "name": "Can add section", "content_type": 25}, "model": "auth.permission", "pk": 73}, {"fields": {"codename": "change_section", "name": "Can change section", "content_type": 25}, "model": "auth.permission", "pk": 74}, {"fields": {"codename": "delete_section", "name": "Can delete section", "content_type": 25}, "model": "auth.permission", "pk": 75}, {"fields": {"codename": "add_supplierprofilefield", "name": "Can add supplier profile field", "content_type": 26}, "model": "auth.permission", "pk": 76}, {"fields": {"codename": "change_supplierprofilefield", "name": "Can change supplier profile field", "content_type": 26}, "model": "auth.permission", "pk": 77}, {"fields": {"codename": "delete_supplierprofilefield", "name": "Can delete supplier profile field", "content_type": 26}, "model": "auth.permission", "pk": 78}, {"fields": {"codename": "add_buyerrequiredprofilefield", "name": "Can add buyer required profile field", "content_type": 27}, "model": "auth.permission", "pk": 79}, {"fields": {"codename": "change_buyerrequiredprofilefield", "name": "Can change buyer required profile field", "content_type": 27}, "model": "auth.permission", "pk": 80}, {"fields": {"codename": "delete_buyerrequiredprofilefield", "name": "Can delete buyer required profile field", "content_type": 27}, "model": "auth.permission", "pk": 81}, {"fields": {"codename": "add_supplierprofilefieldvalue", "name": "Can add supplier profile field value", "content_type": 28}, "model": "auth.permission", "pk": 82}, {"fields": {"codename": "change_supplierprofilefieldvalue", "name": "Can change supplier profile field value", "content_type": 28}, "model": "auth.permission", "pk": 83}, {"fields": {"codename": "delete_supplierprofilefieldvalue", "name": "Can delete supplier profile field value", "content_type": 28}, "model": "auth.permission", "pk": 84}, {"fields": {"codename": "add_supplierselectedbuyers", "name": "Can add supplier selected buyers", "content_type": 29}, "model": "auth.permission", "pk": 85}, {"fields": {"codename": "change_supplierselectedbuyers", "name": "Can change supplier selected buyers", "content_type": 29}, "model": "auth.permission", "pk": 86}, {"fields": {"codename": "delete_supplierselectedbuyers", "name": "Can delete supplier selected buyers", "content_type": 29}, "model": "auth.permission", "pk": 87}, {"fields": {"username": "mamun", "first_name": "", "last_name": "", "is_active": true, "is_superuser": true, "is_staff": true, "last_login": "2015-01-30T04:55:35.448Z", "groups": [], "user_permissions": [], "password": "pbkdf2_sha256$15000$gSvCKwe2JnKA$+kdme2E2HxrldAM/Z/pZHTRxFLK+Lz7+neuqh92Yu6w=", "email": "mamun@gmail.com", "date_joined": "2015-01-30T04:55:01.676Z"}, "model": "auth.user", "pk": 1}, {"fields": {"action_flag": 1, "action_time": "2015-01-30T04:56:00.256Z", "object_repr": "Monthly", "object_id": "1", "change_message": "", "user": 1, "content_type": 12}, "model": "admin.logentry", "pk": 1}, {"fields": {"action_flag": 1, "action_time": "2015-01-30T04:56:05.761Z", "object_repr": "Quarterly", "object_id": "2", "change_message": "", "user": 1, "content_type": 12}, "model": "admin.logentry", "pk": 2}, {"fields": {"action_flag": 1, "action_time": "2015-01-30T04:56:12.705Z", "object_repr": "Half-yearly", "object_id": "3", "change_message": "", "user": 1, "content_type": 12}, "model": "admin.logentry", "pk": 3}, {"fields": {"action_flag": 1, "action_time": "2015-01-30T04:56:51.535Z", "object_repr": "Half-yearly Registration", "object_id": "4", "change_message": "", "user": 1, "content_type": 12}, "model": "admin.logentry", "pk": 4}, {"fields": {"action_flag": 1, "action_time": "2015-01-30T04:56:59.025Z", "object_repr": "Yearly Registration", "object_id": "5", "change_message": "", "user": 1, "content_type": 12}, "model": "admin.logentry", "pk": 5}, {"fields": {"action_flag": 3, "action_time": "2015-01-30T04:57:17.897Z", "object_repr": "Half-yearly Registration", "object_id": "4", "change_message": "", "user": 1, "content_type": 12}, "model": "admin.logentry", "pk": 6}, {"fields": {"action_flag": 1, "action_time": "2015-01-30T04:57:41.944Z", "object_repr": "Corporate submission", "object_id": "1", "change_message": "", "user": 1, "content_type": 10}, "model": "admin.logentry", "pk": 7}, {"fields": {"action_flag": 1, "action_time": "2015-01-30T04:57:49.960Z", "object_repr": "Submission status", "object_id": "2", "change_message": "", "user": 1, "content_type": 10}, "model": "admin.logentry", "pk": 8}, {"fields": {"action_flag": 1, "action_time": "2015-01-30T04:58:43.299Z", "object_repr": "Data storage", "object_id": "3", "change_message": "", "user": 1, "content_type": 10}, "model": "admin.logentry", "pk": 9}, {"fields": {"action_flag": 1, "action_time": "2015-01-30T04:58:53.738Z", "object_repr": "Add corporation to your profile", "object_id": "4", "change_message": "", "user": 1, "content_type": 10}, "model": "admin.logentry", "pk": 10}, {"fields": {"action_flag": 1, "action_time": "2015-01-30T04:59:00.780Z", "object_repr": "Update and manage profile data", "object_id": "5", "change_message": "", "user": 1, "content_type": 10}, "model": "admin.logentry", "pk": 11}, {"fields": {"action_flag": 1, "action_time": "2015-01-30T04:59:16.435Z", "object_repr": "STANDARED", "object_id": "1", "change_message": "", "user": 1, "content_type": 11}, "model": "admin.logentry", "pk": 12}, {"fields": {"action_flag": 1, "action_time": "2015-01-30T04:59:27.441Z", "object_repr": "PREMIUM", "object_id": "2", "change_message": "", "user": 1, "content_type": 11}, "model": "admin.logentry", "pk": 13}, {"fields": {"action_flag": 1, "action_time": "2015-01-30T04:59:36.770Z", "object_repr": "ENTERPRISE", "object_id": "3", "change_message": "", "user": 1, "content_type": 11}, "model": "admin.logentry", "pk": 14}, {"fields": {"action_flag": 1, "action_time": "2015-01-30T05:00:23.957Z", "object_repr": "123456789", "object_id": "1", "change_message": "", "user": 1, "content_type": 14}, "model": "admin.logentry", "pk": 15}, {"fields": {"action_flag": 1, "action_time": "2015-01-30T05:00:46.470Z", "object_repr": "qwertyuiop", "object_id": "2", "change_message": "", "user": 1, "content_type": 14}, "model": "admin.logentry", "pk": 16}, {"fields": {"action_flag": 1, "action_time": "2015-01-30T05:01:42.742Z", "object_repr": "1", "object_id": "1", "change_message": "", "user": 1, "content_type": 13}, "model": "admin.logentry", "pk": 17}, {"fields": {"action_flag": 1, "action_time": "2015-01-30T05:01:56.202Z", "object_repr": "2", "object_id": "2", "change_message": "", "user": 1, "content_type": 13}, "model": "admin.logentry", "pk": 18}, {"fields": {"action_flag": 1, "action_time": "2015-01-30T05:02:09.515Z", "object_repr": "3", "object_id": "3", "change_message": "", "user": 1, "content_type": 13}, "model": "admin.logentry", "pk": 19}, {"fields": {"action_flag": 1, "action_time": "2015-01-30T05:02:24.216Z", "object_repr": "4", "object_id": "4", "change_message": "", "user": 1, "content_type": 13}, "model": "admin.logentry", "pk": 20}, {"fields": {"action_flag": 1, "action_time": "2015-01-30T05:02:34.220Z", "object_repr": "5", "object_id": "5", "change_message": "", "user": 1, "content_type": 13}, "model": "admin.logentry", "pk": 21}, {"fields": {"action_flag": 1, "action_time": "2015-01-30T05:02:46.366Z", "object_repr": "6", "object_id": "6", "change_message": "", "user": 1, "content_type": 13}, "model": "admin.logentry", "pk": 22}, {"fields": {"action_flag": 1, "action_time": "2015-01-30T05:02:59.387Z", "object_repr": "7", "object_id": "7", "change_message": "", "user": 1, "content_type": 13}, "model": "admin.logentry", "pk": 23}, {"fields": {"action_flag": 1, "action_time": "2015-01-30T05:03:11.540Z", "object_repr": "8", "object_id": "8", "change_message": "", "user": 1, "content_type": 13}, "model": "admin.logentry", "pk": 24}, {"fields": {"action_flag": 1, "action_time": "2015-01-30T05:03:32.078Z", "object_repr": "9", "object_id": "9", "change_message": "", "user": 1, "content_type": 13}, "model": "admin.logentry", "pk": 25}, {"fields": {"action_flag": 1, "action_time": "2015-01-30T05:03:49.715Z", "object_repr": "10", "object_id": "10", "change_message": "", "user": 1, "content_type": 13}, "model": "admin.logentry", "pk": 26}, {"fields": {"action_flag": 1, "action_time": "2015-01-30T05:04:04.303Z", "object_repr": "11", "object_id": "11", "change_message": "", "user": 1, "content_type": 13}, "model": "admin.logentry", "pk": 27}, {"fields": {"action_flag": 1, "action_time": "2015-01-30T05:04:17.300Z", "object_repr": "12", "object_id": "12", "change_message": "", "user": 1, "content_type": 13}, "model": "admin.logentry", "pk": 28}]